question_set,incident,index,named,adjacent,graph_lookup_correct,table_lookup_correct,shortcut_resistant
opus5_train,incident_134,0,1,1,1,1,0
opus5_train,incident_134,1,1,1,0,0,0
opus5_train,incident_134,2,0,1,0,0,1
opus5_train,incident_134,3,1,1,0,0,0
opus5_train,incident_134,4,1,0,0,0,0
opus5_train,incident_134,5,1,1,1,0,0
opus5_train,incident_134,6,1,1,1,0,0
opus5_train,incident_134,7,1,1,0,0,0
opus5_train,incident_134,8,1,1,1,0,0
opus5_train,incident_134,9,1,1,1,0,0
opus5_train,incident_134,10,1,1,0,0,0
opus5_train,incident_134,11,0,1,1,0,0
opus5_train,incident_134,12,1,1,0,0,0
opus5_train,incident_134,13,0,1,1,0,0
opus5_train,incident_134,14,1,1,0,0,0
opus5_train,incident_134,15,1,1,1,0,0
opus5_train,incident_134,16,1,1,0,0,0
opus5_train,incident_134,17,1,1,1,0,0
opus5_train,incident_134,18,0,1,0,0,1
opus5_train,incident_134,19,1,1,0,0,0
opus5_train,incident_134,20,0,1,0,0,1
opus5_train,incident_134,21,1,1,1,0,0
opus5_train,incident_134,22,0,1,1,1,0
opus5_train,incident_166,0,0,1,0,0,1
opus5_train,incident_166,1,0,1,0,1,0
opus5_train,incident_166,2,0,1,0,0,1
opus5_train,incident_166,3,1,1,0,0,0
opus5_train,incident_166,4,1,0,0,0,0
opus5_train,incident_166,5,0,1,0,0,1
opus5_train,incident_166,6,1,1,0,0,0
opus5_train,incident_166,7,0,0,0,0,1
opus5_train,incident_166,8,0,1,0,0,1
opus5_train,incident_166,9,1,1,1,0,0
opus5_train,incident_166,10,0,1,1,0,0
opus5_train,incident_166,11,0,1,0,0,1
opus5_train,incident_166,12,1,1,0,0,0
opus5_train,incident_166,13,1,1,0,0,0
opus5_train,incident_166,14,1,1,0,0,0
opus5_train,incident_166,15,1,0,0,0,0
opus5_train,incident_166,16,0,1,1,1,0
opus5_train,incident_166,17,1,1,0,0,0
opus5_train,incident_166,18,1,1,0,0,0
opus5_train,incident_166,19,0,0,0,0,1
opus5_train,incident_166,20,0,1,0,0,1
opus5_train,incident_166,21,0,0,0,0,1
opus5_train,incident_166,22,1,1,0,0,0
opus5_train,incident_166,23,1,1,1,0,0
opus5_train,incident_166,24,0,1,0,0,1
opus5_train,incident_166,25,1,1,0,0,0
opus5_train,incident_166,26,0,1,0,0,1
opus5_train,incident_166,27,1,0,0,0,0
opus5_train,incident_166,28,0,1,1,1,0
opus5_train,incident_166,29,0,0,0,0,1
opus5_train,incident_166,30,1,1,1,0,0
opus5_train,incident_166,31,1,1,0,1,0
opus5_train,incident_166,32,0,1,0,0,1
opus5_train,incident_166,33,1,1,0,1,0
opus5_train,incident_322,0,1,1,0,0,0
opus5_train,incident_322,1,1,1,0,0,0
opus5_train,incident_322,2,1,0,0,0,0
opus5_train,incident_322,3,0,1,0,0,1
opus5_train,incident_322,4,1,0,0,0,0
opus5_train,incident_322,5,1,0,0,0,0
opus5_train,incident_322,6,1,0,0,0,0
opus5_train,incident_322,7,1,0,0,0,0
opus5_train,incident_322,8,1,0,0,0,0
opus5_train,incident_322,9,1,1,1,1,0
opus5_train,incident_322,10,1,1,0,0,0
opus5_train,incident_322,11,0,1,1,1,0
opus5_train,incident_322,12,1,1,1,1,0
opus5_train,incident_322,13,1,1,0,0,0
opus5_train,incident_322,14,1,1,1,1,0
opus5_train,incident_322,15,1,0,0,0,0
opus5_train,incident_322,16,1,1,1,1,0
opus5_train,incident_322,17,1,1,1,1,0
opus5_train,incident_322,18,1,1,0,0,0
opus5_train,incident_322,19,1,1,1,1,0
opus5_train,incident_322,20,1,1,0,0,0
opus5_train,incident_322,21,1,1,0,0,0
opus5_train,incident_322,22,1,0,0,0,0
opus5_train,incident_34,0,0,0,0,0,1
opus5_train,incident_34,1,1,1,0,0,0
opus5_train,incident_34,2,0,0,0,0,1
opus5_train,incident_34,3,1,1,0,0,0
opus5_train,incident_34,4,1,0,0,0,0
opus5_train,incident_34,5,1,0,0,0,0
opus5_train,incident_34,6,0,0,0,0,1
opus5_train,incident_34,7,0,0,0,0,1
opus5_train,incident_34,8,0,0,0,0,1
opus5_train,incident_34,9,0,0,0,0,1
opus5_train,incident_34,10,0,0,0,0,1
opus5_train,incident_34,11,1,0,0,0,0
opus5_train,incident_34,12,1,1,0,0,0
opus5_train,incident_34,13,0,0,0,0,1
opus5_train,incident_34,14,1,1,1,1,0
opus5_train,incident_34,15,0,1,0,0,1
opus5_train,incident_34,16,1,0,0,0,0
opus5_train,incident_34,17,1,1,0,0,0
opus5_train,incident_34,18,1,1,1,1,0
opus5_train,incident_34,19,0,1,0,0,1
opus5_train,incident_34,20,1,1,1,1,0
opus5_train,incident_34,21,1,0,0,0,0
opus5_train,incident_34,22,1,1,1,1,0
opus5_train,incident_34,23,1,1,1,0,0
opus5_train,incident_34,24,1,1,1,1,0
opus5_train,incident_34,25,1,1,1,1,0
opus5_train,incident_34,26,1,1,1,1,0
opus5_train,incident_34,27,1,1,1,1,0
opus5_train,incident_34,28,1,1,0,0,0
opus5_train,incident_34,29,1,1,0,0,0
opus5_train,incident_34,30,0,1,0,0,1
opus5_train,incident_34,31,1,1,1,1,0
opus5_train,incident_34,32,1,1,1,1,0
opus5_train,incident_34,33,1,0,0,0,0
opus5_train,incident_38,0,1,1,0,0,0
opus5_train,incident_38,1,1,1,1,1,0
opus5_train,incident_38,2,1,1,1,1,0
opus5_train,incident_38,3,1,1,0,0,0
opus5_train,incident_39,0,1,0,0,0,0
opus5_train,incident_39,1,1,0,0,0,0
opus5_train,incident_39,2,1,0,0,0,0
opus5_train,incident_39,3,1,1,1,1,0
opus5_train,incident_39,4,1,1,0,0,0
opus5_train,incident_39,5,0,0,0,0,1
opus5_train,incident_39,6,0,1,0,0,1
opus5_train,incident_39,7,0,1,0,0,1
opus5_train,incident_39,8,0,1,0,0,1
opus5_train,incident_39,9,1,0,0,0,0
opus5_train,incident_39,10,0,1,0,0,1
opus5_train,incident_39,11,0,1,0,0,1
opus5_train,incident_39,12,0,1,0,0,1
opus5_train,incident_39,13,0,0,0,0,1
opus5_train,incident_39,14,0,1,0,0,1
opus5_train,incident_39,15,0,1,0,0,1
opus5_train,incident_39,16,1,1,1,1,0
opus5_train,incident_39,17,1,0,0,0,0
opus5_train,incident_39,18,1,0,0,0,0
opus5_train,incident_39,19,0,1,0,0,1
opus5_train,incident_39,20,1,1,0,0,0
opus5_train,incident_39,21,0,1,0,1,0
opus5_train,incident_39,22,1,1,0,0,0
opus5_train,incident_39,23,1,0,0,0,0
opus5_train,incident_39,24,0,1,0,0,1
opus5_train,incident_39,25,0,1,0,0,1
opus5_train,incident_39,26,1,1,1,1,0
opus5_train,incident_39,27,1,1,0,0,0
opus5_train,incident_39,28,1,1,1,1,0
opus5_train,incident_39,29,1,1,0,0,0
opus5_train,incident_39,30,0,1,0,0,1
opus5_train,incident_39,31,1,1,0,0,0
opus5_train,incident_39,32,0,1,0,0,1
opus5_train,incident_39,33,0,1,0,0,1
opus5_train,incident_39,34,1,1,0,0,0
opus5_train,incident_39,35,0,0,0,0,1
opus5_train,incident_39,36,1,1,0,0,0
opus5_train,incident_39,37,0,1,0,0,1
opus5_train,incident_39,38,1,1,0,0,0
opus5_train,incident_39,39,0,0,0,0,1
opus5_train,incident_39,40,1,1,0,0,0
opus5_train,incident_39,41,0,1,0,0,1
opus5_train,incident_39,42,0,0,0,0,1
opus5_train,incident_39,43,1,1,1,0,0
opus5_train,incident_39,44,1,0,0,0,0
opus5_train,incident_39,45,0,0,0,0,1
opus5_train,incident_39,46,0,1,0,0,1
opus5_train,incident_39,47,1,1,0,0,0
opus5_train,incident_39,48,1,1,0,0,0
opus5_train,incident_39,49,1,1,1,0,0
opus5_train,incident_39,50,0,1,0,0,1
opus5_train,incident_39,51,0,1,0,0,1
opus5_train,incident_39,52,1,1,1,1,0
opus5_train,incident_39,53,1,1,1,1,0
opus5_train,incident_39,54,1,1,0,0,0
opus5_train,incident_39,55,1,1,0,0,0
opus5_train,incident_39,56,1,1,0,0,0
opus5_train,incident_39,57,1,1,1,0,0
opus5_train,incident_39,58,1,1,1,1,0
opus5_train,incident_39,59,1,1,1,1,0
opus5_train,incident_39,60,1,1,1,1,0
opus5_train,incident_39,61,0,0,0,0,1
opus5_train,incident_39,62,1,1,0,0,0
opus5_train,incident_39,63,1,1,0,0,0
opus5_train,incident_39,64,1,0,0,0,0
opus5_train,incident_39,65,1,1,0,0,0
opus5_train,incident_39,66,0,0,0,0,1
opus5_train,incident_39,67,0,1,0,0,1
opus5_train,incident_39,68,1,1,0,0,0
opus5_train,incident_39,69,0,1,0,1,0
opus5_train,incident_39,70,0,0,0,0,1
opus5_train,incident_39,71,1,1,1,1,0
opus5_train,incident_39,72,0,0,0,0,1
opus5_train,incident_39,73,0,1,1,1,0
opus5_train,incident_39,74,1,1,0,0,0
opus5_train,incident_39,75,1,1,0,0,0
opus5_train,incident_39,76,0,1,0,0,1
opus5_train,incident_39,77,1,1,0,0,0
opus5_train,incident_39,78,1,1,0,0,0
opus5_train,incident_39,79,1,1,1,1,0
opus5_train,incident_39,80,1,1,0,0,0
opus5_train,incident_39,81,1,1,0,0,0
opus5_train,incident_39,82,1,1,1,1,0
opus5_train,incident_39,83,1,1,0,0,0
opus5_train,incident_39,84,1,1,1,1,0
opus5_train,incident_39,85,1,1,1,1,0
opus5_train,incident_39,86,0,1,0,1,0
opus5_train,incident_39,87,0,1,0,0,1
opus5_train,incident_39,88,1,1,1,0,0
opus5_train,incident_39,89,1,1,0,0,0
opus5_train,incident_39,90,1,1,0,0,0
opus5_train,incident_39,91,1,1,0,0,0
opus5_train,incident_39,92,0,1,0,0,1
opus5_train,incident_39,93,0,1,0,0,1
opus5_train,incident_39,94,0,0,0,0,1
opus5_train,incident_39,95,0,1,0,0,1
opus5_train,incident_39,96,1,1,1,0,0
opus5_train,incident_39,97,0,0,0,0,1
opus5_train,incident_39,98,1,1,1,1,0
opus5_train,incident_39,99,1,1,0,0,0
opus5_train,incident_5,0,0,1,1,1,0
opus5_train,incident_5,1,1,1,1,1,0
opus5_train,incident_5,2,1,1,0,0,0
opus5_train,incident_5,3,0,1,1,1,0
opus5_train,incident_5,4,0,1,0,0,1
opus5_train,incident_5,5,1,1,1,1,0
opus5_train,incident_5,6,1,1,0,0,0
opus5_train,incident_5,7,0,1,0,0,1
opus5_train,incident_5,8,1,1,0,0,0
opus5_train,incident_5,9,1,1,0,0,0
opus5_train,incident_5,10,1,1,1,1,0
opus5_train,incident_5,11,1,1,0,0,0
opus5_train,incident_5,12,0,1,0,0,1
opus5_train,incident_5,13,0,0,0,0,1
opus5_train,incident_5,14,0,1,1,1,0
opus5_train,incident_5,15,0,1,1,1,0
opus5_train,incident_5,16,1,0,0,0,0
opus5_train,incident_5,17,0,0,0,0,1
opus5_train,incident_5,18,1,1,1,1,0
opus5_train,incident_5,19,0,1,0,0,1
opus5_train,incident_5,20,1,1,0,0,0
opus5_train,incident_5,21,0,0,0,0,1
opus5_train,incident_5,22,1,1,1,1,0
opus5_train,incident_5,23,0,1,1,1,0
opus5_train,incident_5,24,1,1,1,1,0
opus5_train,incident_5,25,0,0,0,0,1
opus5_train,incident_5,26,1,1,1,1,0
opus5_train,incident_5,27,0,0,0,0,1
opus5_train,incident_5,28,1,1,0,0,0
opus5_train,incident_5,29,1,1,1,1,0
opus5_train,incident_5,30,1,1,1,0,0
opus5_train,incident_5,31,1,1,0,0,0
opus5_train,incident_5,32,0,0,0,0,1
opus5_train,incident_5,33,0,1,1,1,0
opus5_train,incident_5,34,0,1,1,1,0
opus5_train,incident_5,35,0,1,1,1,0
opus5_train,incident_5,36,1,1,0,0,0
opus5_train,incident_5,37,0,1,1,1,0
opus5_train,incident_5,38,0,1,0,0,1
opus5_train,incident_5,39,1,0,0,0,0
opus5_train,incident_5,40,1,1,1,1,0
opus5_train,incident_5,41,1,1,1,1,0
opus5_train,incident_5,42,1,1,1,1,0
opus5_train,incident_5,43,0,0,0,0,1
opus5_train,incident_5,44,1,1,0,0,0
opus5_train,incident_5,45,0,1,1,1,0
opus5_train,incident_5,46,0,1,0,0,1
opus5_train,incident_5,47,0,1,0,0,1
opus5_train,incident_5,48,1,1,1,1,0
opus5_train,incident_5,49,0,0,0,0,1
opus5_train,incident_5,50,1,1,0,0,0
opus5_train,incident_5,51,1,1,1,0,0
opus5_train,incident_5,52,1,1,0,0,0
opus5_train,incident_5,53,0,1,0,0,1
opus5_train,incident_5,54,0,1,0,0,1
opus5_train,incident_5,55,1,1,0,0,0
opus5_train,incident_5,56,0,1,1,1,0
opus5_train,incident_5,57,1,1,1,1,0
opus5_train,incident_5,58,1,1,0,0,0
opus5_train,incident_5,59,0,1,0,0,1
opus5_train,incident_5,60,1,1,1,1,0
opus5_train,incident_5,61,0,1,1,1,0
opus5_train,incident_5,62,0,0,0,0,1
opus5_train,incident_5,63,0,1,1,1,0
opus5_train,incident_5,64,0,1,0,0,1
opus5_train,incident_5,65,0,0,0,0,1
opus5_train,incident_5,66,1,1,1,1,0
opus5_train,incident_5,67,0,1,0,0,1
opus5_train,incident_5,68,1,1,1,1,0
opus5_train,incident_5,69,1,1,0,0,0
opus5_train,incident_5,70,1,1,1,1,0
opus5_train,incident_5,71,0,0,0,0,1
opus5_train,incident_5,72,0,1,1,1,0
opus5_train,incident_5,73,1,1,0,0,0
opus5_train,incident_5,74,1,1,1,1,0
opus5_train,incident_5,75,0,1,0,0,1
opus5_train,incident_5,76,0,1,0,0,1
opus5_train,incident_5,77,1,1,0,0,0
opus5_train,incident_5,78,1,1,0,0,0
opus5_train,incident_5,79,0,1,1,1,0
opus5_train,incident_5,80,0,0,0,0,1
opus5_train,incident_5,81,0,1,0,0,1
opus5_train,incident_5,82,1,1,1,1,0
opus5_train,incident_5,83,0,0,0,0,1
opus5_train,incident_5,84,0,1,0,0,1
opus5_train,incident_5,85,0,0,0,0,1
opus5_train,incident_5,86,0,0,0,0,1
opus5_train,incident_5,87,0,0,0,0,1
opus5_train,incident_5,88,0,1,0,0,1
opus5_train,incident_5,89,1,1,1,1,0
opus5_train,incident_5,90,0,1,0,0,1
opus5_train,incident_5,91,1,1,1,1,0
opus5_train,incident_5,92,0,1,0,0,1
opus5_train,incident_5,93,1,1,1,1,0
opus5_train,incident_5,94,0,1,1,1,0
opus5_train,incident_5,95,0,1,0,0,1
opus5_train,incident_5,96,1,1,1,1,0
opus5_train,incident_5,97,0,0,0,0,1
opus5_train,incident_5,98,1,1,1,1,0
opus5_train,incident_5,99,0,1,1,1,0
opus5_train,incident_55,0,1,1,1,0,0
opus5_train,incident_55,1,1,1,0,0,0
opus5_train,incident_55,2,1,1,1,1,0
opus5_train,incident_55,3,1,1,1,1,0
opus5_train,incident_55,4,1,0,0,0,0
opus5_train,incident_55,5,1,1,0,0,0
opus5_train,incident_55,6,1,1,0,0,0
opus5_train,incident_55,7,0,1,1,0,0
opus5_train,incident_55,8,1,0,0,0,0
opus5_train,incident_55,9,1,1,0,0,0
opus5_train,incident_55,10,1,1,0,0,0
opus5_train,incident_55,11,1,1,0,0,0
opus5_train,incident_55,12,1,1,1,1,0
opus5_train,incident_55,13,1,1,0,0,0
opus5_train,incident_55,14,1,1,1,0,0
opus5_train,incident_55,15,0,1,0,0,1
opus5_train,incident_55,16,1,1,0,0,0
opus5_train,incident_55,17,1,0,0,0,0
opus5_train,incident_55,18,1,1,1,1,0
opus5_train,incident_55,19,0,0,0,0,1
opus5_train,incident_55,20,1,1,0,0,0
opus5_train,incident_55,21,0,1,0,0,1
opus5_train,incident_55,22,0,1,0,0,1
opus5_train,incident_55,23,1,1,0,0,0
opus5_train,incident_55,24,0,1,0,0,1
opus5_train,incident_55,25,0,1,0,0,1
opus5_train,incident_55,26,1,1,0,0,0
opus5_train,incident_55,27,1,1,0,0,0
opus5_train,incident_55,28,1,1,0,0,0
opus5_train,incident_55,29,1,1,1,1,0
opus5_train,incident_55,30,0,0,0,0,1
opus5_train,incident_55,31,1,1,1,1,0
opus5_train,incident_55,32,0,0,0,0,1
opus5_train,incident_55,33,1,1,1,0,0
opus5_train,incident_55,34,1,1,0,0,0
opus5_train,incident_55,35,1,1,1,0,0
opus5_train,incident_55,36,1,1,0,0,0
opus5_train,incident_55,37,0,1,0,0,1
opus5_train,incident_55,38,1,1,0,0,0
opus5_train,incident_55,39,1,0,0,0,0
opus5_train,incident_55,40,0,1,0,0,1
opus5_train,incident_55,41,1,1,1,1,0
opus5_train,incident_55,42,0,1,0,0,1
opus5_train,incident_55,43,1,1,0,0,0
opus5_train,incident_55,44,0,1,0,0,1
opus5_train,incident_55,45,1,1,1,1,0
opus5_train,incident_55,46,1,1,0,1,0
opus5_train,incident_55,47,1,1,1,1,0
opus5_train,incident_55,48,1,0,0,0,0
opus5_train,incident_55,49,1,0,0,0,0
opus5_train,incident_55,50,1,1,0,0,0
opus5_train,incident_55,51,1,1,1,0,0
opus5_train,incident_55,52,1,0,0,0,0
opus5_train,incident_55,53,1,1,1,0,0
opus5_train,incident_55,54,1,1,1,0,0
opus5_train,incident_55,55,1,1,0,0,0
opus5_train,incident_55,56,0,0,0,0,1
opus5_train,incident_55,57,1,1,0,0,0
opus5_train,incident_55,58,1,1,0,0,0
opus5_train,incident_55,59,1,1,1,1,0
opus5_train,incident_55,60,1,1,0,0,0
opus5_train,incident_55,61,1,1,1,1,0
opus5_train,incident_55,62,1,1,0,0,0
opus5_train,incident_55,63,1,1,0,0,0
opus5_train,incident_55,64,1,0,0,0,0
opus5_train,incident_55,65,1,1,0,0,0
opus5_train,incident_55,66,1,1,0,0,0
opus5_train,incident_55,67,1,1,0,0,0
opus5_train,incident_55,68,0,1,0,0,1
opus5_train,incident_55,69,1,1,0,0,0
opus5_train,incident_55,70,1,0,0,0,0
opus5_train,incident_55,71,1,1,0,0,0
opus5_train,incident_55,72,0,1,0,0,1
opus5_train,incident_55,73,0,1,0,0,1
opus5_train,incident_55,74,0,1,0,0,1
opus5_train,incident_55,75,1,1,0,0,0
opus5_train,incident_55,76,1,1,1,0,0
opus5_train,incident_55,77,1,1,1,1,0
opus5_train,incident_55,78,1,1,1,1,0
opus5_train,incident_55,79,1,1,1,1,0
opus5_train,incident_55,80,1,1,0,0,0
opus5_train,incident_55,81,0,1,0,0,1
opus5_train,incident_55,82,1,1,1,0,0
opus5_train,incident_55,83,0,0,0,0,1
opus5_train,incident_55,84,1,1,0,0,0
opus5_train,incident_55,85,1,1,0,0,0
opus5_train,incident_55,86,0,0,0,0,1
opus5_train,incident_55,87,1,1,0,0,0
opus5_train,incident_55,88,0,1,0,0,1
opus5_train,incident_55,89,1,1,0,0,0
opus5_train,incident_55,90,1,0,0,0,0
opus5_train,incident_55,91,1,1,0,0,0
opus5_train,incident_55,92,1,0,0,0,0
opus5_train,incident_55,93,1,1,0,0,0
opus5_train,incident_55,94,1,1,1,1,0
opus5_train,incident_55,95,1,0,0,0,0
opus5_train,incident_55,96,1,1,1,1,0
opus5_train,incident_55,97,0,1,0,0,1
opus5_train,incident_55,98,0,1,0,0,1
opus5_train,incident_55,99,1,1,0,0,0
opus5_test,incident_134,0,0,1,1,0,0
opus5_test,incident_134,1,0,1,1,0,0
opus5_test,incident_134,2,0,1,0,0,1
opus5_test,incident_134,3,0,1,0,0,1
opus5_test,incident_134,4,1,1,1,1,0
opus5_test,incident_134,5,1,1,0,0,0
opus5_test,incident_134,6,1,1,0,0,0
opus5_test,incident_134,7,1,1,1,1,0
opus5_test,incident_134,8,1,1,1,0,0
opus5_test,incident_134,9,1,0,0,0,0
opus5_test,incident_134,10,1,1,0,0,0
opus5_test,incident_134,11,1,1,1,0,0
opus5_test,incident_134,12,1,1,1,1,0
opus5_test,incident_134,13,1,1,0,0,0
opus5_test,incident_134,14,1,0,0,0,0
opus5_test,incident_134,15,1,1,1,0,0
opus5_test,incident_134,16,1,1,1,0,0
opus5_test,incident_134,17,0,1,0,0,1
opus5_test,incident_134,18,1,0,0,0,0
opus5_test,incident_134,19,1,1,1,1,0
opus5_test,incident_134,20,1,0,0,0,0
opus5_test,incident_134,21,1,1,0,0,0
opus5_test,incident_134,22,0,1,1,0,0
opus5_test,incident_134,23,1,1,1,0,0
opus5_test,incident_134,24,1,1,1,0,0
opus5_test,incident_134,25,1,1,1,1,0
opus5_test,incident_134,26,1,1,1,1,0
opus5_test,incident_134,27,0,1,0,0,1
opus5_test,incident_134,28,1,1,1,1,0
opus5_test,incident_134,29,1,1,1,0,0
opus5_test,incident_134,30,1,1,0,0,0
opus5_test,incident_134,31,0,1,0,0,1
opus5_test,incident_134,32,1,1,0,0,0
opus5_test,incident_134,33,1,1,1,0,0
opus5_test,incident_134,34,0,1,0,1,0
opus5_test,incident_134,35,0,1,1,0,0
opus5_test,incident_134,36,0,1,1,0,0
opus5_test,incident_134,37,1,1,1,0,0
opus5_test,incident_134,38,1,1,1,0,0
opus5_test,incident_134,39,1,1,1,0,0
opus5_test,incident_134,40,0,1,0,0,1
opus5_test,incident_134,41,1,1,0,0,0
opus5_test,incident_134,42,1,1,1,1,0
opus5_test,incident_134,43,1,1,0,0,0
opus5_test,incident_134,44,1,1,0,0,0
opus5_test,incident_134,45,0,1,1,0,0
opus5_test,incident_134,46,0,1,0,0,1
opus5_test,incident_134,47,0,1,0,0,1
opus5_test,incident_134,48,1,1,0,0,0
opus5_test,incident_134,49,0,1,0,0,1
opus5_test,incident_134,50,1,1,0,0,0
opus5_test,incident_134,51,0,1,0,0,1
opus5_test,incident_134,52,0,1,1,0,0
opus5_test,incident_134,53,1,0,0,0,0
opus5_test,incident_134,54,1,1,1,1,0
opus5_test,incident_134,55,1,0,0,0,0
opus5_test,incident_134,56,0,1,1,0,0
opus5_test,incident_134,57,0,1,0,0,1
opus5_test,incident_166,0,1,1,1,1,0
opus5_test,incident_166,1,1,1,1,0,0
opus5_test,incident_166,2,0,0,0,0,1
opus5_test,incident_166,3,1,0,0,0,0
opus5_test,incident_166,4,1,1,0,1,0
opus5_test,incident_166,5,1,1,1,1,0
opus5_test,incident_166,6,1,1,1,0,0
opus5_test,incident_166,7,0,1,1,1,0
opus5_test,incident_166,8,0,1,1,1,0
opus5_test,incident_166,9,1,1,1,0,0
opus5_test,incident_166,10,0,0,0,0,1
opus5_test,incident_166,11,0,1,1,1,0
opus5_test,incident_166,12,0,1,0,0,1
opus5_test,incident_166,13,1,1,0,1,0
opus5_test,incident_166,14,1,1,0,0,0
opus5_test,incident_166,15,0,1,0,0,1
opus5_test,incident_166,16,1,1,1,1,0
opus5_test,incident_166,17,1,1,1,0,0
opus5_test,incident_166,18,1,1,0,1,0
opus5_test,incident_166,19,1,0,0,0,0
opus5_test,incident_166,20,1,1,1,0,0
opus5_test,incident_166,21,1,0,0,0,0
opus5_test,incident_166,22,1,1,1,0,0
opus5_test,incident_166,23,1,1,1,0,0
opus5_test,incident_166,24,1,1,0,0,0
opus5_test,incident_166,25,0,0,0,0,1
opus5_test,incident_166,26,0,1,0,0,1
opus5_test,incident_166,27,1,1,1,0,0
opus5_test,incident_166,28,0,0,0,0,1
opus5_test,incident_166,29,0,1,0,0,1
opus5_test,incident_166,30,0,1,0,0,1
opus5_test,incident_166,31,1,1,1,0,0
opus5_test,incident_166,32,0,1,0,0,1
opus5_test,incident_166,33,1,1,1,0,0
opus5_test,incident_166,34,0,1,1,0,0
opus5_test,incident_166,35,1,1,1,0,0
opus5_test,incident_166,36,1,0,0,0,0
opus5_test,incident_166,37,0,0,0,0,1
opus5_test,incident_166,38,1,1,1,0,0
opus5_test,incident_166,39,1,0,0,0,0
opus5_test,incident_166,40,1,1,0,0,0
opus5_test,incident_166,41,1,1,1,0,0
opus5_test,incident_166,42,0,1,0,0,1
opus5_test,incident_166,43,0,1,0,0,1
opus5_test,incident_166,44,1,1,1,0,0
opus5_test,incident_166,45,1,1,1,0,0
opus5_test,incident_166,46,1,0,0,0,0
opus5_test,incident_166,47,1,1,1,0,0
opus5_test,incident_166,48,1,1,1,0,0
opus5_test,incident_166,49,0,1,1,0,0
opus5_test,incident_166,50,1,1,0,0,0
opus5_test,incident_166,51,1,1,1,0,0
opus5_test,incident_166,52,1,0,0,0,0
opus5_test,incident_166,53,0,1,0,0,1
opus5_test,incident_166,54,1,1,1,0,0
opus5_test,incident_166,55,1,1,1,0,0
opus5_test,incident_166,56,0,1,0,0,1
opus5_test,incident_166,57,0,1,0,0,1
opus5_test,incident_166,58,1,1,0,0,0
opus5_test,incident_166,59,0,1,0,0,1
opus5_test,incident_166,60,1,1,0,0,0
opus5_test,incident_166,61,1,1,1,0,0
opus5_test,incident_166,62,1,1,0,1,0
opus5_test,incident_166,63,1,1,0,0,0
opus5_test,incident_166,64,0,0,0,0,1
opus5_test,incident_166,65,1,1,1,1,0
opus5_test,incident_166,66,0,1,0,0,1
opus5_test,incident_166,67,1,0,0,0,0
opus5_test,incident_166,68,0,1,1,0,0
opus5_test,incident_166,69,0,1,0,0,1
opus5_test,incident_166,70,1,1,0,0,0
opus5_test,incident_166,71,1,1,1,0,0
opus5_test,incident_166,72,1,1,1,0,0
opus5_test,incident_166,73,1,1,1,1,0
opus5_test,incident_166,74,1,1,1,0,0
opus5_test,incident_166,75,0,1,1,0,0
opus5_test,incident_166,76,0,1,0,0,1
opus5_test,incident_166,77,1,1,1,0,0
opus5_test,incident_166,78,0,1,1,1,0
opus5_test,incident_166,79,0,1,0,0,1
opus5_test,incident_166,80,0,1,1,1,0
opus5_test,incident_166,81,0,1,1,0,0
opus5_test,incident_166,82,0,1,0,0,1
opus5_test,incident_166,83,0,1,0,0,1
opus5_test,incident_166,84,0,1,0,0,1
opus5_test,incident_166,85,1,1,0,0,0
opus5_test,incident_166,86,1,1,0,0,0
opus5_test,incident_322,0,1,1,0,0,0
opus5_test,incident_322,1,1,1,0,0,0
opus5_test,incident_322,2,1,0,0,0,0
opus5_test,incident_322,3,1,1,1,1,0
opus5_test,incident_322,4,1,1,1,1,0
opus5_test,incident_322,5,1,0,0,0,0
opus5_test,incident_322,6,1,1,0,0,0
opus5_test,incident_322,7,0,1,0,0,1
opus5_test,incident_322,8,1,1,1,1,0
opus5_test,incident_322,9,1,1,1,1,0
opus5_test,incident_322,10,1,1,1,1,0
opus5_test,incident_322,11,1,1,1,1,0
opus5_test,incident_322,12,1,1,1,1,0
opus5_test,incident_322,13,1,1,1,1,0
opus5_test,incident_322,14,1,1,0,0,0
opus5_test,incident_322,15,1,1,0,0,0
opus5_test,incident_322,16,1,1,0,0,0
opus5_test,incident_322,17,1,1,0,0,0
opus5_test,incident_322,18,1,1,1,1,0
opus5_test,incident_322,19,0,1,1,1,0
opus5_test,incident_322,20,1,1,0,0,0
opus5_test,incident_322,21,1,1,1,1,0
opus5_test,incident_322,22,1,1,1,1,0
opus5_test,incident_322,23,1,1,0,0,0
opus5_test,incident_322,24,1,1,1,1,0
opus5_test,incident_322,25,1,1,0,0,0
opus5_test,incident_322,26,1,1,1,1,0
opus5_test,incident_322,27,1,1,0,0,0
opus5_test,incident_322,28,1,1,1,1,0
opus5_test,incident_322,29,1,1,0,0,0
opus5_test,incident_322,30,1,1,0,0,0
opus5_test,incident_322,31,1,1,0,0,0
opus5_test,incident_322,32,1,1,1,1,0
opus5_test,incident_322,33,1,1,1,1,0
opus5_test,incident_322,34,1,1,0,0,0
opus5_test,incident_322,35,1,1,0,0,0
opus5_test,incident_322,36,1,1,1,1,0
opus5_test,incident_322,37,0,1,0,0,1
opus5_test,incident_322,38,1,1,0,0,0
opus5_test,incident_322,39,1,1,0,0,0
opus5_test,incident_322,40,1,0,0,0,0
opus5_test,incident_322,41,1,1,1,1,0
opus5_test,incident_322,42,1,1,1,1,0
opus5_test,incident_322,43,1,0,0,0,0
opus5_test,incident_322,44,1,1,0,0,0
opus5_test,incident_322,45,1,1,0,0,0
opus5_test,incident_322,46,1,1,0,0,0
opus5_test,incident_322,47,1,1,0,0,0
opus5_test,incident_322,48,1,1,1,1,0
opus5_test,incident_322,49,1,0,0,0,0
opus5_test,incident_322,50,1,1,1,1,0
opus5_test,incident_322,51,1,1,1,1,0
opus5_test,incident_322,52,1,1,0,0,0
opus5_test,incident_322,53,1,1,0,0,0
opus5_test,incident_322,54,1,1,1,1,0
opus5_test,incident_322,55,1,1,0,0,0
opus5_test,incident_322,56,1,1,1,1,0
opus5_test,incident_34,0,1,1,1,1,0
opus5_test,incident_34,1,1,1,0,0,0
opus5_test,incident_34,2,1,1,0,0,0
opus5_test,incident_34,3,1,0,0,0,0
opus5_test,incident_34,4,1,0,0,0,0
opus5_test,incident_34,5,1,0,0,0,0
opus5_test,incident_34,6,1,1,0,0,0
opus5_test,incident_34,7,1,0,0,0,0
opus5_test,incident_34,8,1,1,0,0,0
opus5_test,incident_34,9,1,0,0,0,0
opus5_test,incident_34,10,1,1,1,1,0
opus5_test,incident_34,11,0,0,0,0,1
opus5_test,incident_34,12,1,1,0,0,0
opus5_test,incident_34,13,0,1,0,0,1
opus5_test,incident_34,14,1,0,0,0,0
opus5_test,incident_34,15,1,0,0,0,0
opus5_test,incident_34,16,1,1,1,1,0
opus5_test,incident_34,17,1,1,1,1,0
opus5_test,incident_34,18,0,1,1,1,0
opus5_test,incident_34,19,1,1,1,1,0
opus5_test,incident_34,20,0,1,0,0,1
opus5_test,incident_34,21,0,0,0,0,1
opus5_test,incident_34,22,1,1,1,1,0
opus5_test,incident_34,23,1,1,1,1,0
opus5_test,incident_34,24,1,1,1,1,0
opus5_test,incident_34,25,0,1,1,1,0
opus5_test,incident_34,26,1,1,1,1,0
opus5_test,incident_34,27,1,1,1,1,0
opus5_test,incident_34,28,1,1,0,0,0
opus5_test,incident_34,29,1,1,1,1,0
opus5_test,incident_34,30,0,0,0,0,1
opus5_test,incident_34,31,1,1,1,1,0
opus5_test,incident_34,32,1,1,1,1,0
opus5_test,incident_34,33,0,1,0,1,0
opus5_test,incident_34,34,1,1,1,1,0
opus5_test,incident_34,35,1,1,1,1,0
opus5_test,incident_34,36,1,1,1,1,0
opus5_test,incident_34,37,1,1,1,1,0
opus5_test,incident_34,38,1,0,0,0,0
opus5_test,incident_34,39,0,1,0,1,0
opus5_test,incident_34,40,1,0,0,0,0
opus5_test,incident_34,41,0,1,0,0,1
opus5_test,incident_34,42,0,1,0,0,1
opus5_test,incident_34,43,0,0,0,0,1
opus5_test,incident_34,44,1,1,1,1,0
opus5_test,incident_34,45,1,1,0,0,0
opus5_test,incident_34,46,1,0,0,0,0
opus5_test,incident_34,47,0,1,1,1,0
opus5_test,incident_34,48,0,0,0,0,1
opus5_test,incident_34,49,1,1,1,1,0
opus5_test,incident_34,50,0,0,0,0,1
opus5_test,incident_34,51,0,0,0,0,1
opus5_test,incident_34,52,1,1,1,1,0
opus5_test,incident_34,53,1,1,1,1,0
opus5_test,incident_34,54,1,1,1,1,0
opus5_test,incident_34,55,1,0,0,0,0
opus5_test,incident_34,56,1,1,0,0,0
opus5_test,incident_34,57,1,1,0,0,0
opus5_test,incident_34,58,1,1,1,1,0
opus5_test,incident_34,59,0,1,0,1,0
opus5_test,incident_34,60,1,1,1,1,0
opus5_test,incident_34,61,1,1,1,1,0
opus5_test,incident_34,62,0,1,0,0,1
opus5_test,incident_34,63,1,1,1,1,0
opus5_test,incident_34,64,1,1,1,0,0
opus5_test,incident_34,65,1,1,1,1,0
opus5_test,incident_34,66,1,1,1,1,0
opus5_test,incident_34,67,1,0,0,0,0
opus5_test,incident_34,68,1,1,0,0,0
opus5_test,incident_34,69,0,0,0,0,1
opus5_test,incident_34,70,1,1,1,1,0
opus5_test,incident_34,71,1,1,1,1,0
opus5_test,incident_34,72,1,1,0,0,0
opus5_test,incident_34,73,1,1,0,0,0
opus5_test,incident_34,74,1,1,0,0,0
opus5_test,incident_34,75,1,1,0,0,0
opus5_test,incident_34,76,0,1,0,0,1
opus5_test,incident_34,77,1,1,1,1,0
opus5_test,incident_34,78,1,1,0,0,0
opus5_test,incident_34,79,1,1,1,1,0
opus5_test,incident_34,80,1,1,0,0,0
opus5_test,incident_34,81,1,1,0,0,0
opus5_test,incident_34,82,1,1,0,0,0
opus5_test,incident_34,83,1,1,1,1,0
opus5_test,incident_34,84,1,1,1,1,0
opus5_test,incident_38,0,1,1,1,1,0
opus5_test,incident_38,1,0,1,0,0,1
opus5_test,incident_38,2,0,1,0,0,1
opus5_test,incident_38,3,0,1,1,1,0
opus5_test,incident_38,4,1,1,1,1,0
opus5_test,incident_38,5,1,0,0,0,0
opus5_test,incident_38,6,0,1,1,1,0
opus5_test,incident_38,7,1,0,0,0,0
opus5_test,incident_38,8,1,1,0,0,0
opus5_test,incident_38,9,1,1,0,0,0
opus5_test,incident_38,10,0,1,1,1,0
opus5_test,incident_38,11,1,0,0,0,0
opus5_test,incident_39,0,1,1,0,0,0
opus5_test,incident_39,1,0,1,0,0,1
opus5_test,incident_39,2,0,0,0,0,1
opus5_test,incident_39,3,1,1,1,1,0
opus5_test,incident_39,4,0,1,0,0,1
opus5_test,incident_39,5,1,1,1,1,0
opus5_test,incident_39,6,0,1,0,0,1
opus5_test,incident_39,7,0,1,1,1,0
opus5_test,incident_39,8,1,1,1,1,0
opus5_test,incident_39,9,0,1,0,1,0
opus5_test,incident_39,10,1,1,1,1,0
opus5_test,incident_39,11,1,1,1,1,0
opus5_test,incident_39,12,1,0,0,0,0
opus5_test,incident_39,13,0,0,0,0,1
opus5_test,incident_39,14,1,1,1,1,0
opus5_test,incident_39,15,0,1,0,0,1
opus5_test,incident_39,16,0,1,0,0,1
opus5_test,incident_39,17,0,1,0,1,0
opus5_test,incident_39,18,0,0,0,0,1
opus5_test,incident_39,19,1,1,0,0,0
opus5_test,incident_39,20,1,1,0,0,0
opus5_test,incident_39,21,0,1,0,0,1
opus5_test,incident_39,22,1,0,0,0,0
opus5_test,incident_39,23,1,1,0,0,0
opus5_test,incident_39,24,1,0,0,0,0
opus5_test,incident_39,25,1,1,0,0,0
opus5_test,incident_39,26,0,0,0,0,1
opus5_test,incident_39,27,1,0,0,0,0
opus5_test,incident_39,28,1,1,1,1,0
opus5_test,incident_39,29,0,1,0,0,1
opus5_test,incident_39,30,1,1,1,1,0
opus5_test,incident_39,31,1,0,0,0,0
opus5_test,incident_39,32,1,1,0,0,0
opus5_test,incident_39,33,0,1,0,0,1
opus5_test,incident_39,34,0,1,0,0,1
opus5_test,incident_39,35,0,0,0,0,1
opus5_test,incident_39,36,1,1,0,0,0
opus5_test,incident_39,37,1,1,0,0,0
opus5_test,incident_39,38,1,1,0,0,0
opus5_test,incident_39,39,0,1,0,0,1
opus5_test,incident_39,40,0,1,1,1,0
opus5_test,incident_39,41,0,0,0,0,1
opus5_test,incident_39,42,1,1,1,1,0
opus5_test,incident_39,43,0,1,1,1,0
opus5_test,incident_39,44,0,1,0,0,1
opus5_test,incident_39,45,1,1,1,1,0
opus5_test,incident_39,46,1,1,0,0,0
opus5_test,incident_39,47,1,1,0,0,0
opus5_test,incident_39,48,1,1,1,1,0
opus5_test,incident_39,49,0,1,0,0,1
opus5_test,incident_39,50,1,1,0,0,0
opus5_test,incident_39,51,1,1,0,0,0
opus5_test,incident_39,52,1,1,0,0,0
opus5_test,incident_39,53,1,1,0,0,0
opus5_test,incident_39,54,0,1,1,1,0
opus5_test,incident_39,55,1,1,0,0,0
opus5_test,incident_39,56,1,1,0,0,0
opus5_test,incident_39,57,0,1,0,0,1
opus5_test,incident_39,58,1,1,0,0,0
opus5_test,incident_39,59,0,1,0,1,0
opus5_test,incident_39,60,1,0,0,0,0
opus5_test,incident_39,61,1,0,0,0,0
opus5_test,incident_39,62,0,1,1,1,0
opus5_test,incident_39,63,0,0,0,0,1
opus5_test,incident_39,64,0,1,1,1,0
opus5_test,incident_39,65,1,1,0,1,0
opus5_test,incident_39,66,1,0,0,0,0
opus5_test,incident_39,67,1,1,0,0,0
opus5_test,incident_39,68,0,1,0,0,1
opus5_test,incident_39,69,1,1,1,1,0
opus5_test,incident_39,70,1,0,0,0,0
opus5_test,incident_39,71,0,1,0,0,1
opus5_test,incident_39,72,1,1,0,0,0
opus5_test,incident_39,73,1,1,0,0,0
opus5_test,incident_39,74,0,1,0,0,1
opus5_test,incident_39,75,0,1,0,1,0
opus5_test,incident_39,76,0,1,0,0,1
opus5_test,incident_39,77,1,1,0,0,0
opus5_test,incident_39,78,1,1,0,0,0
opus5_test,incident_39,79,1,0,0,0,0
opus5_test,incident_39,80,1,1,0,0,0
opus5_test,incident_39,81,0,1,0,0,1
opus5_test,incident_39,82,1,0,0,0,0
opus5_test,incident_39,83,1,1,1,1,0
opus5_test,incident_39,84,1,1,0,0,0
opus5_test,incident_39,85,0,1,0,0,1
opus5_test,incident_39,86,0,1,0,0,1
opus5_test,incident_39,87,1,1,1,1,0
opus5_test,incident_39,88,1,1,0,0,0
opus5_test,incident_39,89,0,0,0,0,1
opus5_test,incident_39,90,0,1,1,1,0
opus5_test,incident_39,91,1,0,0,0,0
opus5_test,incident_39,92,0,0,0,0,1
opus5_test,incident_39,93,1,1,0,0,0
opus5_test,incident_39,94,1,1,1,1,0
opus5_test,incident_39,95,1,0,0,0,0
opus5_test,incident_39,96,0,1,0,1,0
opus5_test,incident_39,97,1,1,0,0,0
opus5_test,incident_39,98,1,1,1,1,0
opus5_test,incident_39,99,0,1,0,0,1
opus5_test,incident_5,0,0,1,0,0,1
opus5_test,incident_5,1,1,1,0,0,0
opus5_test,incident_5,2,0,1,1,1,0
opus5_test,incident_5,3,1,1,0,0,0
opus5_test,incident_5,4,0,1,1,1,0
opus5_test,incident_5,5,0,1,1,1,0
opus5_test,incident_5,6,1,1,1,1,0
opus5_test,incident_5,7,0,1,0,0,1
opus5_test,incident_5,8,1,1,0,0,0
opus5_test,incident_5,9,1,1,1,1,0
opus5_test,incident_5,10,0,1,0,0,1
opus5_test,incident_5,11,1,0,0,0,0
opus5_test,incident_5,12,0,0,0,0,1
opus5_test,incident_5,13,0,1,0,0,1
opus5_test,incident_5,14,0,1,0,0,1
opus5_test,incident_5,15,0,1,0,0,1
opus5_test,incident_5,16,0,1,0,0,1
opus5_test,incident_5,17,1,0,0,0,0
opus5_test,incident_5,18,1,1,0,0,0
opus5_test,incident_5,19,1,1,0,0,0
opus5_test,incident_5,20,0,0,0,0,1
opus5_test,incident_5,21,0,0,0,0,1
opus5_test,incident_5,22,0,1,0,0,1
opus5_test,incident_5,23,0,0,0,0,1
opus5_test,incident_5,24,0,1,1,1,0
opus5_test,incident_5,25,0,1,0,0,1
opus5_test,incident_5,26,0,1,0,0,1
opus5_test,incident_5,27,1,0,0,0,0
opus5_test,incident_5,28,0,1,0,0,1
opus5_test,incident_5,29,1,1,0,0,0
opus5_test,incident_5,30,0,1,1,1,0
opus5_test,incident_5,31,1,0,0,0,0
opus5_test,incident_5,32,1,0,0,0,0
opus5_test,incident_5,33,1,0,0,0,0
opus5_test,incident_5,34,1,1,0,0,0
opus5_test,incident_5,35,0,1,0,0,1
opus5_test,incident_5,36,0,1,0,0,1
opus5_test,incident_5,37,0,0,0,0,1
opus5_test,incident_5,38,0,1,1,1,0
opus5_test,incident_5,39,0,1,0,0,1
opus5_test,incident_5,40,0,1,1,1,0
opus5_test,incident_5,41,0,1,0,0,1
opus5_test,incident_5,42,1,0,0,0,0
opus5_test,incident_5,43,0,1,0,0,1
opus5_test,incident_5,44,1,1,1,1,0
opus5_test,incident_5,45,0,1,0,0,1
opus5_test,incident_5,46,0,1,0,0,1
opus5_test,incident_5,47,0,1,1,1,0
opus5_test,incident_5,48,0,0,0,0,1
opus5_test,incident_5,49,0,1,1,1,0
opus5_test,incident_5,50,1,1,0,0,0
opus5_test,incident_5,51,0,1,0,0,1
opus5_test,incident_5,52,1,1,0,0,0
opus5_test,incident_5,53,0,1,1,1,0
opus5_test,incident_5,54,1,1,0,0,0
opus5_test,incident_5,55,1,1,1,1,0
opus5_test,incident_5,56,1,1,0,0,0
opus5_test,incident_5,57,0,1,1,1,0
opus5_test,incident_5,58,0,1,0,0,1
opus5_test,incident_5,59,0,1,0,0,1
opus5_test,incident_5,60,1,1,1,1,0
opus5_test,incident_5,61,0,1,0,0,1
opus5_test,incident_5,62,0,1,0,0,1
opus5_test,incident_5,63,1,1,0,0,0
opus5_test,incident_5,64,0,1,1,1,0
opus5_test,incident_5,65,0,1,0,0,1
opus5_test,incident_5,66,0,1,1,1,0
opus5_test,incident_5,67,0,1,0,0,1
opus5_test,incident_5,68,0,1,1,1,0
opus5_test,incident_5,69,0,1,0,0,1
opus5_test,incident_5,70,0,1,0,0,1
opus5_test,incident_5,71,0,1,0,0,1
opus5_test,incident_5,72,0,0,0,0,1
opus5_test,incident_5,73,0,0,0,0,1
opus5_test,incident_5,74,0,1,0,0,1
opus5_test,incident_5,75,1,1,1,1,0
opus5_test,incident_5,76,0,1,0,0,1
opus5_test,incident_5,77,1,1,1,1,0
opus5_test,incident_5,78,0,0,0,0,1
opus5_test,incident_5,79,1,1,1,1,0
opus5_test,incident_5,80,1,1,0,0,0
opus5_test,incident_5,81,1,1,0,0,0
opus5_test,incident_5,82,0,1,1,1,0
opus5_test,incident_5,83,0,0,0,0,1
opus5_test,incident_5,84,1,1,0,0,0
opus5_test,incident_5,85,0,1,0,0,1
opus5_test,incident_5,86,0,1,0,0,1
opus5_test,incident_5,87,0,1,1,1,0
opus5_test,incident_5,88,1,1,1,0,0
opus5_test,incident_5,89,1,1,1,1,0
opus5_test,incident_5,90,1,1,1,1,0
opus5_test,incident_5,91,0,1,1,1,0
opus5_test,incident_5,92,0,1,0,0,1
opus5_test,incident_5,93,0,1,0,0,1
opus5_test,incident_5,94,1,0,0,0,0
opus5_test,incident_5,95,0,0,0,0,1
opus5_test,incident_5,96,1,1,1,1,0
opus5_test,incident_5,97,0,1,0,0,1
opus5_test,incident_5,98,0,1,1,1,0
opus5_test,incident_5,99,0,0,0,0,1
opus5_test,incident_55,0,1,0,0,0,0
opus5_test,incident_55,1,1,0,0,0,0
opus5_test,incident_55,2,0,1,1,1,0
opus5_test,incident_55,3,1,1,0,0,0
opus5_test,incident_55,4,1,1,1,1,0
opus5_test,incident_55,5,1,1,0,0,0
opus5_test,incident_55,6,1,1,1,1,0
opus5_test,incident_55,7,1,1,0,0,0
opus5_test,incident_55,8,1,1,0,1,0
opus5_test,incident_55,9,0,1,0,0,1
opus5_test,incident_55,10,0,1,0,0,1
opus5_test,incident_55,11,0,1,0,0,1
opus5_test,incident_55,12,1,1,1,0,0
opus5_test,incident_55,13,1,1,0,0,0
opus5_test,incident_55,14,1,1,0,0,0
opus5_test,incident_55,15,1,1,0,0,0
opus5_test,incident_55,16,0,1,0,0,1
opus5_test,incident_55,17,1,1,0,0,0
opus5_test,incident_55,18,0,1,0,0,1
opus5_test,incident_55,19,1,1,0,0,0
opus5_test,incident_55,20,1,1,0,0,0
opus5_test,incident_55,21,1,0,0,0,0
opus5_test,incident_55,22,0,1,0,0,1
opus5_test,incident_55,23,1,1,0,0,0
opus5_test,incident_55,24,0,1,0,0,1
opus5_test,incident_55,25,1,1,1,0,0
opus5_test,incident_55,26,1,1,0,0,0
opus5_test,incident_55,27,1,0,0,0,0
opus5_test,incident_55,28,1,1,0,0,0
opus5_test,incident_55,29,0,1,0,0,1
opus5_test,incident_55,30,1,1,1,0,0
opus5_test,incident_55,31,1,1,0,0,0
opus5_test,incident_55,32,1,0,0,0,0
opus5_test,incident_55,33,1,1,1,1,0
opus5_test,incident_55,34,1,1,1,1,0
opus5_test,incident_55,35,1,1,1,1,0
opus5_test,incident_55,36,1,1,0,1,0
opus5_test,incident_55,37,1,0,0,0,0
opus5_test,incident_55,38,0,1,0,1,0
opus5_test,incident_55,39,1,1,1,0,0
opus5_test,incident_55,40,0,1,0,0,1
opus5_test,incident_55,41,1,1,1,0,0
opus5_test,incident_55,42,1,0,0,0,0
opus5_test,incident_55,43,1,1,0,0,0
opus5_test,incident_55,44,1,1,1,0,0
opus5_test,incident_55,45,1,1,1,0,0
opus5_test,incident_55,46,0,1,0,0,1
opus5_test,incident_55,47,1,1,1,0,0
opus5_test,incident_55,48,1,1,1,1,0
opus5_test,incident_55,49,1,1,0,0,0
opus5_test,incident_55,50,1,1,0,0,0
opus5_test,incident_55,51,1,1,1,1,0
opus5_test,incident_55,52,1,1,0,0,0
opus5_test,incident_55,53,1,1,1,0,0
opus5_test,incident_55,54,0,1,0,0,1
opus5_test,incident_55,55,0,1,0,0,1
opus5_test,incident_55,56,1,1,0,0,0
opus5_test,incident_55,57,1,1,1,1,0
opus5_test,incident_55,58,1,1,0,0,0
opus5_test,incident_55,59,1,1,0,0,0
opus5_test,incident_55,60,1,0,0,0,0
opus5_test,incident_55,61,0,1,0,0,1
opus5_test,incident_55,62,0,1,0,0,1
opus5_test,incident_55,63,0,1,0,0,1
opus5_test,incident_55,64,1,1,0,0,0
opus5_test,incident_55,65,1,1,0,0,0
opus5_test,incident_55,66,0,1,0,0,1
opus5_test,incident_55,67,1,1,1,0,0
opus5_test,incident_55,68,1,1,0,0,0
opus5_test,incident_55,69,1,1,1,1,0
opus5_test,incident_55,70,1,1,0,0,0
opus5_test,incident_55,71,0,1,0,0,1
opus5_test,incident_55,72,0,0,0,0,1
opus5_test,incident_55,73,1,1,0,0,0
opus5_test,incident_55,74,1,1,0,0,0
opus5_test,incident_55,75,1,0,0,0,0
opus5_test,incident_55,76,1,1,0,0,0
opus5_test,incident_55,77,0,0,0,0,1
opus5_test,incident_55,78,1,1,0,0,0
opus5_test,incident_55,79,1,1,0,0,0
opus5_test,incident_55,80,0,1,0,0,1
opus5_test,incident_55,81,1,1,0,0,0
opus5_test,incident_55,82,0,0,0,0,1
opus5_test,incident_55,83,1,1,1,1,0
opus5_test,incident_55,84,1,1,0,0,0
opus5_test,incident_55,85,1,1,0,0,0
opus5_test,incident_55,86,1,0,0,0,0
opus5_test,incident_55,87,0,1,0,0,1
opus5_test,incident_55,88,1,1,0,0,0
opus5_test,incident_55,89,1,1,1,0,0
opus5_test,incident_55,90,1,1,1,1,0
opus5_test,incident_55,91,1,1,0,0,0
opus5_test,incident_55,92,1,1,1,1,0
opus5_test,incident_55,93,1,1,1,1,0
opus5_test,incident_55,94,1,1,0,0,0
opus5_test,incident_55,95,1,1,1,1,0
opus5_test,incident_55,96,1,1,1,0,0
opus5_test,incident_55,97,0,1,0,0,1
opus5_test,incident_55,98,1,1,0,0,0
opus5_test,incident_55,99,0,1,0,0,1
o1_v0_test,incident_134,0,1,1,1,1,0
o1_v0_test,incident_134,1,1,1,1,1,0
o1_v0_test,incident_134,2,0,1,1,0,0
o1_v0_test,incident_134,3,1,1,0,0,0
o1_v0_test,incident_134,4,0,1,0,0,1
o1_v0_test,incident_134,5,1,1,0,0,0
o1_v0_test,incident_134,6,1,1,0,0,0
o1_v0_test,incident_134,7,1,1,1,1,0
o1_v0_test,incident_134,8,0,1,1,0,0
o1_v0_test,incident_134,9,1,1,1,0,0
o1_v0_test,incident_134,10,1,1,0,0,0
o1_v0_test,incident_134,11,1,0,0,0,0
o1_v0_test,incident_134,12,1,1,1,0,0
o1_v0_test,incident_134,13,1,1,1,0,0
o1_v0_test,incident_134,14,0,1,1,0,0
o1_v0_test,incident_134,15,1,1,1,1,0
o1_v0_test,incident_134,16,0,1,1,0,0
o1_v0_test,incident_134,17,1,1,1,0,0
o1_v0_test,incident_134,18,1,1,1,1,0
o1_v0_test,incident_134,19,1,1,1,1,0
o1_v0_test,incident_134,20,1,1,0,0,0
o1_v0_test,incident_134,21,1,0,0,0,0
o1_v0_test,incident_134,22,1,1,1,0,0
o1_v0_test,incident_134,23,1,1,0,0,0
o1_v0_test,incident_134,24,0,1,0,0,1
o1_v0_test,incident_134,25,0,1,0,0,1
o1_v0_test,incident_134,26,1,1,0,0,0
o1_v0_test,incident_134,27,1,1,1,1,0
o1_v0_test,incident_134,28,0,1,1,0,0
o1_v0_test,incident_134,29,1,1,1,1,0
o1_v0_test,incident_134,30,1,1,0,0,0
o1_v0_test,incident_134,31,0,1,1,0,0
o1_v0_test,incident_134,32,1,1,1,1,0
o1_v0_test,incident_134,33,1,1,1,1,0
o1_v0_test,incident_134,34,1,1,1,0,0
o1_v0_test,incident_134,35,1,1,0,0,0
o1_v0_test,incident_134,36,1,1,0,0,0
o1_v0_test,incident_134,37,0,1,1,0,0
o1_v0_test,incident_134,38,0,1,1,0,0
o1_v0_test,incident_134,39,1,1,1,0,0
o1_v0_test,incident_134,40,1,1,0,0,0
o1_v0_test,incident_134,41,1,1,1,0,0
o1_v0_test,incident_134,42,1,1,1,0,0
o1_v0_test,incident_134,43,0,1,1,1,0
o1_v0_test,incident_134,44,1,1,0,0,0
o1_v0_test,incident_134,45,1,1,0,0,0
o1_v0_test,incident_134,46,0,1,0,0,1
o1_v0_test,incident_134,47,1,1,1,0,0
o1_v0_test,incident_134,48,1,1,0,0,0
o1_v0_test,incident_134,49,1,1,0,0,0
o1_v0_test,incident_134,50,0,1,1,1,0
o1_v0_test,incident_134,51,1,1,0,0,0
o1_v0_test,incident_134,52,0,1,0,0,1
o1_v0_test,incident_134,53,1,1,1,0,0
o1_v0_test,incident_134,54,1,1,0,0,0
o1_v0_test,incident_134,55,1,1,1,1,0
o1_v0_test,incident_134,56,1,1,1,0,0
o1_v0_test,incident_166,0,0,1,0,0,1
o1_v0_test,incident_166,1,0,1,0,0,1
o1_v0_test,incident_166,2,1,1,1,0,0
o1_v0_test,incident_166,3,1,1,0,0,0
o1_v0_test,incident_166,4,1,1,0,0,0
o1_v0_test,incident_166,5,1,1,0,0,0
o1_v0_test,incident_166,6,0,1,0,0,1
o1_v0_test,incident_166,7,1,1,1,0,0
o1_v0_test,incident_166,8,1,1,1,0,0
o1_v0_test,incident_166,9,0,1,0,0,1
o1_v0_test,incident_166,10,1,1,1,0,0
o1_v0_test,incident_166,11,1,1,0,0,0
o1_v0_test,incident_166,12,0,1,0,0,1
o1_v0_test,incident_166,13,0,1,0,0,1
o1_v0_test,incident_166,14,0,1,0,0,1
o1_v0_test,incident_166,15,0,1,0,0,1
o1_v0_test,incident_166,16,1,1,1,0,0
o1_v0_test,incident_166,17,1,1,0,0,0
o1_v0_test,incident_166,18,0,0,0,0,1
o1_v0_test,incident_166,19,1,1,0,0,0
o1_v0_test,incident_166,20,0,1,0,0,1
o1_v0_test,incident_166,21,1,1,0,0,0
o1_v0_test,incident_166,22,0,1,0,0,1
o1_v0_test,incident_166,23,0,1,0,0,1
o1_v0_test,incident_166,24,0,1,0,0,1
o1_v0_test,incident_166,25,0,1,1,0,0
o1_v0_test,incident_166,26,0,1,1,0,0
o1_v0_test,incident_166,27,1,1,0,0,0
o1_v0_test,incident_166,28,1,1,0,0,0
o1_v0_test,incident_166,29,1,1,1,0,0
o1_v0_test,incident_166,30,1,1,1,0,0
o1_v0_test,incident_166,31,1,1,1,0,0
o1_v0_test,incident_166,32,1,0,0,0,0
o1_v0_test,incident_166,33,0,1,0,0,1
o1_v0_test,incident_166,34,1,1,0,1,0
o1_v0_test,incident_166,35,0,1,0,0,1
o1_v0_test,incident_166,36,0,1,0,0,1
o1_v0_test,incident_166,37,1,1,1,0,0
o1_v0_test,incident_166,38,0,1,1,0,0
o1_v0_test,incident_166,39,1,1,1,0,0
o1_v0_test,incident_166,40,0,1,0,0,1
o1_v0_test,incident_166,41,0,1,0,0,1
o1_v0_test,incident_166,42,1,1,1,0,0
o1_v0_test,incident_166,43,1,1,1,0,0
o1_v0_test,incident_166,44,1,1,1,0,0
o1_v0_test,incident_166,45,1,1,1,0,0
o1_v0_test,incident_166,46,1,1,1,0,0
o1_v0_test,incident_166,47,0,0,0,0,1
o1_v0_test,incident_166,48,0,1,0,1,0
o1_v0_test,incident_166,49,1,1,0,0,0
o1_v0_test,incident_166,50,0,1,0,0,1
o1_v0_test,incident_166,51,1,1,1,0,0
o1_v0_test,incident_166,52,1,1,1,0,0
o1_v0_test,incident_166,53,0,1,0,0,1
o1_v0_test,incident_166,54,1,1,0,0,0
o1_v0_test,incident_166,55,0,0,0,0,1
o1_v0_test,incident_166,56,1,1,0,0,0
o1_v0_test,incident_166,57,1,1,0,0,0
o1_v0_test,incident_166,58,1,1,0,0,0
o1_v0_test,incident_166,59,1,1,1,0,0
o1_v0_test,incident_166,60,1,1,0,0,0
o1_v0_test,incident_166,61,0,1,0,0,1
o1_v0_test,incident_166,62,0,1,0,0,1
o1_v0_test,incident_166,63,0,1,1,0,0
o1_v0_test,incident_166,64,0,0,0,0,1
o1_v0_test,incident_166,65,0,1,0,0,1
o1_v0_test,incident_166,66,1,1,0,0,0
o1_v0_test,incident_166,67,0,1,0,0,1
o1_v0_test,incident_166,68,0,1,0,0,1
o1_v0_test,incident_166,69,1,1,0,0,0
o1_v0_test,incident_166,70,1,1,1,0,0
o1_v0_test,incident_166,71,1,1,1,0,0
o1_v0_test,incident_166,72,1,1,0,1,0
o1_v0_test,incident_166,73,1,1,1,0,0
o1_v0_test,incident_166,74,0,1,0,0,1
o1_v0_test,incident_166,75,1,1,1,0,0
o1_v0_test,incident_166,76,1,1,1,0,0
o1_v0_test,incident_166,77,1,1,0,0,0
o1_v0_test,incident_166,78,1,1,1,0,0
o1_v0_test,incident_166,79,1,1,0,0,0
o1_v0_test,incident_166,80,1,1,1,0,0
o1_v0_test,incident_166,81,1,1,1,0,0
o1_v0_test,incident_166,82,0,1,0,0,1
o1_v0_test,incident_166,83,1,1,1,0,0
o1_v0_test,incident_166,84,0,0,0,0,1
o1_v0_test,incident_166,85,1,1,1,0,0
o1_v0_test,incident_166,86,0,1,0,0,1
o1_v0_test,incident_322,0,1,1,0,0,0
o1_v0_test,incident_322,1,1,1,0,0,0
o1_v0_test,incident_322,2,1,1,0,0,0
o1_v0_test,incident_322,3,0,1,0,0,1
o1_v0_test,incident_322,4,0,0,0,0,1
o1_v0_test,incident_322,5,1,1,1,1,0
o1_v0_test,incident_322,6,1,1,0,0,0
o1_v0_test,incident_322,7,1,0,0,0,0
o1_v0_test,incident_322,8,1,0,0,0,0
o1_v0_test,incident_322,9,1,1,1,1,0
o1_v0_test,incident_322,10,1,1,0,0,0
o1_v0_test,incident_322,11,1,1,0,0,0
o1_v0_test,incident_322,12,1,1,1,1,0
o1_v0_test,incident_322,13,1,1,1,1,0
o1_v0_test,incident_322,14,1,1,1,1,0
o1_v0_test,incident_322,15,1,1,1,1,0
o1_v0_test,incident_322,16,0,1,0,0,1
o1_v0_test,incident_322,17,1,1,0,0,0
o1_v0_test,incident_322,18,1,0,0,0,0
o1_v0_test,incident_322,19,1,1,1,1,0
o1_v0_test,incident_322,20,1,1,0,0,0
o1_v0_test,incident_322,21,1,1,0,0,0
o1_v0_test,incident_322,22,1,0,0,0,0
o1_v0_test,incident_322,23,1,1,0,0,0
o1_v0_test,incident_322,24,1,1,1,1,0
o1_v0_test,incident_322,25,1,1,1,1,0
o1_v0_test,incident_322,26,1,1,0,0,0
o1_v0_test,incident_322,27,1,1,1,1,0
o1_v0_test,incident_322,28,1,1,1,1,0
o1_v0_test,incident_322,29,1,1,0,0,0
o1_v0_test,incident_322,30,1,1,1,1,0
o1_v0_test,incident_322,31,1,1,0,0,0
o1_v0_test,incident_322,32,1,0,0,0,0
o1_v0_test,incident_322,33,0,1,1,1,0
o1_v0_test,incident_322,34,1,1,1,1,0
o1_v0_test,incident_322,35,1,1,1,1,0
o1_v0_test,incident_322,36,1,0,0,0,0
o1_v0_test,incident_322,37,0,1,0,0,1
o1_v0_test,incident_322,38,1,1,0,0,0
o1_v0_test,incident_322,39,1,1,0,0,0
o1_v0_test,incident_322,40,0,1,0,0,1
o1_v0_test,incident_322,41,1,0,0,0,0
o1_v0_test,incident_322,42,1,1,1,1,0
o1_v0_test,incident_322,43,1,1,0,0,0
o1_v0_test,incident_322,44,0,1,0,0,1
o1_v0_test,incident_322,45,1,1,0,0,0
o1_v0_test,incident_322,46,1,1,1,1,0
o1_v0_test,incident_322,47,1,1,1,1,0
o1_v0_test,incident_322,48,1,1,0,0,0
o1_v0_test,incident_322,49,1,1,1,1,0
o1_v0_test,incident_322,50,1,0,0,0,0
o1_v0_test,incident_322,51,1,1,0,0,0
o1_v0_test,incident_322,52,0,1,0,0,1
o1_v0_test,incident_322,53,1,1,1,1,0
o1_v0_test,incident_322,54,0,1,0,0,1
o1_v0_test,incident_322,55,1,1,0,0,0
o1_v0_test,incident_34,0,1,1,0,0,0
o1_v0_test,incident_34,1,1,1,1,1,0
o1_v0_test,incident_34,2,1,1,0,0,0
o1_v0_test,incident_34,3,1,1,0,0,0
o1_v0_test,incident_34,4,1,1,1,1,0
o1_v0_test,incident_34,5,1,1,0,0,0
o1_v0_test,incident_34,6,0,1,1,1,0
o1_v0_test,incident_34,7,1,1,0,0,0
o1_v0_test,incident_34,8,0,1,0,0,1
o1_v0_test,incident_34,9,1,1,1,1,0
o1_v0_test,incident_34,10,0,1,0,0,1
o1_v0_test,incident_34,11,1,1,0,0,0
o1_v0_test,incident_34,12,1,1,1,1,0
o1_v0_test,incident_34,13,1,1,1,1,0
o1_v0_test,incident_34,14,1,1,1,1,0
o1_v0_test,incident_34,15,1,1,0,0,0
o1_v0_test,incident_34,16,0,1,0,0,1
o1_v0_test,incident_34,17,1,0,0,0,0
o1_v0_test,incident_34,18,1,1,1,1,0
o1_v0_test,incident_34,19,1,1,0,0,0
o1_v0_test,incident_34,20,1,1,1,1,0
o1_v0_test,incident_34,21,1,1,1,1,0
o1_v0_test,incident_34,22,1,1,0,0,0
o1_v0_test,incident_34,23,1,1,1,1,0
o1_v0_test,incident_34,24,1,1,0,0,0
o1_v0_test,incident_34,25,1,1,0,0,0
o1_v0_test,incident_34,26,0,0,0,0,1
o1_v0_test,incident_34,27,0,1,0,0,1
o1_v0_test,incident_34,28,0,0,0,0,1
o1_v0_test,incident_34,29,1,1,1,1,0
o1_v0_test,incident_34,30,1,0,0,0,0
o1_v0_test,incident_34,31,0,1,0,0,1
o1_v0_test,incident_34,32,1,0,0,0,0
o1_v0_test,incident_34,33,1,0,0,0,0
o1_v0_test,incident_34,34,1,1,0,0,0
o1_v0_test,incident_34,35,1,1,0,0,0
o1_v0_test,incident_34,36,0,0,0,0,1
o1_v0_test,incident_34,37,0,1,0,0,1
o1_v0_test,incident_34,38,1,1,1,1,0
o1_v0_test,incident_34,39,0,1,1,1,0
o1_v0_test,incident_34,40,0,0,0,0,1
o1_v0_test,incident_34,41,1,1,0,0,0
o1_v0_test,incident_34,42,0,0,0,0,1
o1_v0_test,incident_34,43,1,1,1,1,0
o1_v0_test,incident_34,44,1,1,0,0,0
o1_v0_test,incident_34,45,0,1,0,0,1
o1_v0_test,incident_34,46,1,1,1,1,0
o1_v0_test,incident_34,47,1,1,1,1,0
o1_v0_test,incident_34,48,1,1,0,0,0
o1_v0_test,incident_34,49,0,1,0,0,1
o1_v0_test,incident_34,50,1,1,0,0,0
o1_v0_test,incident_34,51,1,1,0,0,0
o1_v0_test,incident_34,52,0,1,0,0,1
o1_v0_test,incident_34,53,0,1,0,0,1
o1_v0_test,incident_34,54,1,0,0,0,0
o1_v0_test,incident_34,55,1,1,1,1,0
o1_v0_test,incident_34,56,0,1,1,1,0
o1_v0_test,incident_34,57,0,1,0,0,1
o1_v0_test,incident_34,58,1,1,0,0,0
o1_v0_test,incident_34,59,0,1,0,0,1
o1_v0_test,incident_34,60,0,1,0,0,1
o1_v0_test,incident_34,61,0,1,0,0,1
o1_v0_test,incident_34,62,0,1,0,0,1
o1_v0_test,incident_34,63,0,1,0,0,1
o1_v0_test,incident_34,64,1,1,1,1,0
o1_v0_test,incident_34,65,1,1,1,0,0
o1_v0_test,incident_34,66,1,0,0,0,0
o1_v0_test,incident_34,67,1,1,1,1,0
o1_v0_test,incident_34,68,1,1,0,0,0
o1_v0_test,incident_34,69,0,1,0,0,1
o1_v0_test,incident_34,70,1,1,1,1,0
o1_v0_test,incident_34,71,0,0,0,0,1
o1_v0_test,incident_34,72,1,1,0,0,0
o1_v0_test,incident_34,73,1,1,1,1,0
o1_v0_test,incident_34,74,1,0,0,0,0
o1_v0_test,incident_34,75,0,1,0,0,1
o1_v0_test,incident_34,76,0,1,0,1,0
o1_v0_test,incident_34,77,1,1,0,0,0
o1_v0_test,incident_34,78,1,1,1,1,0
o1_v0_test,incident_34,79,0,1,1,1,0
o1_v0_test,incident_34,80,0,1,0,0,1
o1_v0_test,incident_34,81,1,1,0,0,0
o1_v0_test,incident_38,0,0,1,1,0,0
o1_v0_test,incident_38,1,0,1,0,0,1
o1_v0_test,incident_38,2,1,1,1,1,0
o1_v0_test,incident_38,3,1,1,1,1,0
o1_v0_test,incident_38,4,1,1,0,0,0
o1_v0_test,incident_38,5,0,0,0,0,1
o1_v0_test,incident_38,6,1,1,0,0,0
o1_v0_test,incident_38,7,0,1,0,1,0
o1_v0_test,incident_38,8,1,1,0,0,0
o1_v0_test,incident_38,9,0,1,0,0,1
o1_v0_test,incident_38,10,0,1,1,1,0
o1_v0_test,incident_39,0,0,1,0,0,1
o1_v0_test,incident_39,1,1,1,1,1,0
o1_v0_test,incident_39,2,0,1,1,1,0
o1_v0_test,incident_39,3,1,0,0,0,0
o1_v0_test,incident_39,4,0,1,0,0,1
o1_v0_test,incident_39,5,0,1,0,0,1
o1_v0_test,incident_39,6,1,1,0,0,0
o1_v0_test,incident_39,7,1,1,1,1,0
o1_v0_test,incident_39,8,0,1,0,0,1
o1_v0_test,incident_39,9,1,1,0,0,0
o1_v0_test,incident_39,10,0,1,0,0,1
o1_v0_test,incident_39,11,0,0,0,0,1
o1_v0_test,incident_39,12,0,1,0,0,1
o1_v0_test,incident_39,13,0,0,0,0,1
o1_v0_test,incident_39,14,1,1,0,0,0
o1_v0_test,incident_39,15,0,1,0,1,0
o1_v0_test,incident_39,16,0,0,0,0,1
o1_v0_test,incident_39,17,0,1,0,0,1
o1_v0_test,incident_39,18,0,1,0,0,1
o1_v0_test,incident_39,19,0,1,0,1,0
o1_v0_test,incident_39,20,1,1,0,0,0
o1_v0_test,incident_39,21,1,0,0,0,0
o1_v0_test,incident_39,22,0,0,0,0,1
o1_v0_test,incident_39,23,0,1,0,0,1
o1_v0_test,incident_39,24,1,1,0,0,0
o1_v0_test,incident_39,25,0,1,0,0,1
o1_v0_test,incident_39,26,1,1,1,0,0
o1_v0_test,incident_39,27,1,1,0,0,0
o1_v0_test,incident_39,28,1,1,0,0,0
o1_v0_test,incident_39,29,1,1,0,0,0
o1_v0_test,incident_39,30,0,1,0,0,1
o1_v0_test,incident_39,31,1,1,0,0,0
o1_v0_test,incident_39,32,0,1,0,0,1
o1_v0_test,incident_39,33,0,1,0,0,1
o1_v0_test,incident_39,34,0,1,0,0,1
o1_v0_test,incident_39,35,1,0,0,0,0
o1_v0_test,incident_39,36,1,1,1,1,0
o1_v0_test,incident_39,37,1,1,0,0,0
o1_v0_test,incident_39,38,1,1,0,0,0
o1_v0_test,incident_39,39,0,1,1,1,0
o1_v0_test,incident_39,40,0,1,0,0,1
o1_v0_test,incident_39,41,0,1,0,0,1
o1_v0_test,incident_39,42,1,0,0,0,0
o1_v0_test,incident_39,43,1,1,0,0,0
o1_v0_test,incident_39,44,0,1,0,0,1
o1_v0_test,incident_39,45,1,1,1,1,0
o1_v0_test,incident_39,46,0,1,1,0,0
o1_v0_test,incident_39,47,1,0,0,0,0
o1_v0_test,incident_39,48,0,1,1,1,0
o1_v0_test,incident_39,49,1,1,0,0,0
o1_v0_test,incident_39,50,0,1,0,0,1
o1_v0_test,incident_39,51,1,1,0,0,0
o1_v0_test,incident_39,52,0,1,1,1,0
o1_v0_test,incident_39,53,1,1,0,0,0
o1_v0_test,incident_39,54,0,1,0,0,1
o1_v0_test,incident_39,55,0,1,0,1,0
o1_v0_test,incident_39,56,0,0,0,0,1
o1_v0_test,incident_39,57,0,1,0,0,1
o1_v0_test,incident_39,58,1,1,1,1,0
o1_v0_test,incident_39,59,1,1,1,1,0
o1_v0_test,incident_39,60,1,1,0,0,0
o1_v0_test,incident_39,61,1,1,1,1,0
o1_v0_test,incident_39,62,1,1,0,0,0
o1_v0_test,incident_39,63,1,1,0,0,0
o1_v0_test,incident_39,64,0,1,0,0,1
o1_v0_test,incident_39,65,0,1,1,1,0
o1_v0_test,incident_39,66,1,1,0,0,0
o1_v0_test,incident_39,67,1,1,1,1,0
o1_v0_test,incident_39,68,1,1,0,0,0
o1_v0_test,incident_39,69,1,1,1,1,0
o1_v0_test,incident_39,70,0,1,1,0,0
o1_v0_test,incident_39,71,0,0,0,0,1
o1_v0_test,incident_39,72,1,1,1,1,0
o1_v0_test,incident_39,73,0,1,0,0,1
o1_v0_test,incident_39,74,1,1,1,0,0
o1_v0_test,incident_39,75,0,1,0,0,1
o1_v0_test,incident_39,76,1,1,1,1,0
o1_v0_test,incident_39,77,0,1,0,0,1
o1_v0_test,incident_39,78,1,1,0,0,0
o1_v0_test,incident_39,79,1,1,0,0,0
o1_v0_test,incident_39,80,1,1,0,0,0
o1_v0_test,incident_39,81,1,1,1,1,0
o1_v0_test,incident_39,82,1,1,0,0,0
o1_v0_test,incident_39,83,1,1,0,0,0
o1_v0_test,incident_39,84,0,1,0,0,1
o1_v0_test,incident_39,85,1,1,1,1,0
o1_v0_test,incident_39,86,1,1,1,1,0
o1_v0_test,incident_39,87,0,1,0,0,1
o1_v0_test,incident_39,88,1,1,0,0,0
o1_v0_test,incident_39,89,1,1,0,0,0
o1_v0_test,incident_39,90,1,1,0,0,0
o1_v0_test,incident_39,91,1,1,0,0,0
o1_v0_test,incident_39,92,0,1,0,0,1
o1_v0_test,incident_39,93,1,1,0,1,0
o1_v0_test,incident_39,94,0,1,0,0,1
o1_v0_test,incident_39,95,0,1,1,1,0
o1_v0_test,incident_39,96,1,1,0,0,0
o1_v0_test,incident_39,97,1,1,0,1,0
o1_v0_test,incident_5,0,0,1,1,1,0
o1_v0_test,incident_5,1,1,1,0,0,0
o1_v0_test,incident_5,2,0,1,1,1,0
o1_v0_test,incident_5,3,0,1,1,1,0
o1_v0_test,incident_5,4,0,1,0,1,0
o1_v0_test,incident_5,5,0,1,1,1,0
o1_v0_test,incident_5,6,0,0,0,0,1
o1_v0_test,incident_5,7,0,1,0,0,1
o1_v0_test,incident_5,8,0,1,1,1,0
o1_v0_test,incident_5,9,0,1,0,0,1
o1_v0_test,incident_5,10,0,1,0,1,0
o1_v0_test,incident_5,11,1,1,1,1,0
o1_v0_test,incident_5,12,0,1,1,1,0
o1_v0_test,incident_5,13,0,1,1,1,0
o1_v0_test,incident_5,14,0,1,0,0,1
o1_v0_test,incident_5,15,0,0,0,0,1
o1_v0_test,incident_5,16,1,1,0,0,0
o1_v0_test,incident_5,17,0,1,0,1,0
o1_v0_test,incident_5,18,0,1,0,0,1
o1_v0_test,incident_5,19,0,1,0,0,1
o1_v0_test,incident_5,20,1,1,1,0,0
o1_v0_test,incident_5,21,1,1,0,0,0
o1_v0_test,incident_5,22,1,1,1,1,0
o1_v0_test,incident_5,23,0,1,0,1,0
o1_v0_test,incident_5,24,0,1,0,0,1
o1_v0_test,incident_5,25,0,1,0,0,1
o1_v0_test,incident_5,26,0,1,0,0,1
o1_v0_test,incident_5,27,0,1,1,1,0
o1_v0_test,incident_5,28,0,1,0,0,1
o1_v0_test,incident_5,29,0,1,1,1,0
o1_v0_test,incident_5,30,0,1,1,1,0
o1_v0_test,incident_5,31,0,1,0,0,1
o1_v0_test,incident_5,32,1,1,0,1,0
o1_v0_test,incident_5,33,1,1,1,1,0
o1_v0_test,incident_5,34,0,1,0,0,1
o1_v0_test,incident_5,35,1,1,0,0,0
o1_v0_test,incident_5,36,1,1,0,0,0
o1_v0_test,incident_5,37,0,1,0,0,1
o1_v0_test,incident_5,38,1,1,1,1,0
o1_v0_test,incident_5,39,0,1,0,0,1
o1_v0_test,incident_5,40,0,1,0,0,1
o1_v0_test,incident_5,41,0,1,0,0,1
o1_v0_test,incident_5,42,0,1,0,0,1
o1_v0_test,incident_5,43,0,1,0,0,1
o1_v0_test,incident_5,44,1,1,0,0,0
o1_v0_test,incident_5,45,0,1,0,0,1
o1_v0_test,incident_5,46,0,1,1,1,0
o1_v0_test,incident_5,47,0,1,0,0,1
o1_v0_test,incident_5,48,0,1,0,0,1
o1_v0_test,incident_5,49,0,1,1,1,0
o1_v0_test,incident_5,50,0,1,0,0,1
o1_v0_test,incident_5,51,0,1,0,0,1
o1_v0_test,incident_5,52,0,1,0,0,1
o1_v0_test,incident_5,53,1,1,0,0,0
o1_v0_test,incident_5,54,0,1,1,1,0
o1_v0_test,incident_5,55,0,1,0,0,1
o1_v0_test,incident_5,56,1,1,0,0,0
o1_v0_test,incident_5,57,0,1,0,0,1
o1_v0_test,incident_5,58,0,1,0,1,0
o1_v0_test,incident_5,59,1,1,0,0,0
o1_v0_test,incident_5,60,0,1,1,1,0
o1_v0_test,incident_5,61,1,1,0,0,0
o1_v0_test,incident_5,62,1,1,0,0,0
o1_v0_test,incident_5,63,0,1,1,1,0
o1_v0_test,incident_5,64,0,1,0,0,1
o1_v0_test,incident_5,65,0,0,0,0,1
o1_v0_test,incident_5,66,0,1,0,0,1
o1_v0_test,incident_5,67,1,1,1,1,0
o1_v0_test,incident_5,68,0,1,0,1,0
o1_v0_test,incident_5,69,0,1,0,0,1
o1_v0_test,incident_5,70,0,1,0,0,1
o1_v0_test,incident_5,71,0,1,1,1,0
o1_v0_test,incident_5,72,1,1,0,0,0
o1_v0_test,incident_5,73,0,1,0,0,1
o1_v0_test,incident_5,74,1,1,1,1,0
o1_v0_test,incident_5,75,1,1,0,0,0
o1_v0_test,incident_5,76,0,1,0,0,1
o1_v0_test,incident_5,77,0,1,1,1,0
o1_v0_test,incident_5,78,0,1,0,0,1
o1_v0_test,incident_5,79,0,1,0,1,0
o1_v0_test,incident_5,80,1,1,1,1,0
o1_v0_test,incident_5,81,0,1,0,0,1
o1_v0_test,incident_5,82,1,0,0,0,0
o1_v0_test,incident_5,83,1,0,0,0,0
o1_v0_test,incident_5,84,1,1,0,0,0
o1_v0_test,incident_5,85,0,1,1,1,0
o1_v0_test,incident_5,86,0,1,0,0,1
o1_v0_test,incident_5,87,1,1,0,0,0
o1_v0_test,incident_5,88,1,1,0,0,0
o1_v0_test,incident_5,89,1,0,0,0,0
o1_v0_test,incident_5,90,0,1,0,0,1
o1_v0_test,incident_5,91,0,1,1,1,0
o1_v0_test,incident_5,92,1,1,0,0,0
o1_v0_test,incident_5,93,0,1,0,0,1
o1_v0_test,incident_5,94,0,1,0,0,1
o1_v0_test,incident_5,95,0,0,0,0,1
o1_v0_test,incident_5,96,0,1,1,1,0
o1_v0_test,incident_5,97,0,1,1,1,0
o1_v0_test,incident_55,0,1,1,1,1,0
o1_v0_test,incident_55,1,0,1,0,0,1
o1_v0_test,incident_55,2,1,1,0,0,0
o1_v0_test,incident_55,3,0,1,0,0,1
o1_v0_test,incident_55,4,0,1,0,0,1
o1_v0_test,incident_55,5,1,1,0,0,0
o1_v0_test,incident_55,6,1,0,0,0,0
o1_v0_test,incident_55,7,0,1,0,0,1
o1_v0_test,incident_55,8,1,0,0,0,0
o1_v0_test,incident_55,9,0,1,0,0,1
o1_v0_test,incident_55,10,1,1,1,0,0
o1_v0_test,incident_55,11,1,1,1,0,0
o1_v0_test,incident_55,12,1,1,0,0,0
o1_v0_test,incident_55,13,1,1,0,0,0
o1_v0_test,incident_55,14,1,1,0,0,0
o1_v0_test,incident_55,15,1,1,0,0,0
o1_v0_test,incident_55,16,0,1,0,0,1
o1_v0_test,incident_55,17,1,1,0,0,0
o1_v0_test,incident_55,18,1,1,0,0,0
o1_v0_test,incident_55,19,1,1,1,1,0
o1_v0_test,incident_55,20,1,1,0,0,0
o1_v0_test,incident_55,21,0,1,0,0,1
o1_v0_test,incident_55,22,0,1,0,0,1
o1_v0_test,incident_55,23,0,1,0,0,1
o1_v0_test,incident_55,24,0,1,0,0,1
o1_v0_test,incident_55,25,1,1,0,0,0
o1_v0_test,incident_55,26,1,1,1,1,0
o1_v0_test,incident_55,27,0,1,0,0,1
o1_v0_test,incident_55,28,1,1,0,0,0
o1_v0_test,incident_55,29,1,1,0,0,0
o1_v0_test,incident_55,30,1,1,1,0,0
o1_v0_test,incident_55,31,1,1,0,0,0
o1_v0_test,incident_55,32,0,1,0,0,1
o1_v0_test,incident_55,33,0,1,0,0,1
o1_v0_test,incident_55,34,0,1,0,0,1
o1_v0_test,incident_55,35,1,1,0,0,0
o1_v0_test,incident_55,36,1,1,0,0,0
o1_v0_test,incident_55,37,0,1,0,0,1
o1_v0_test,incident_55,38,0,1,0,0,1
o1_v0_test,incident_55,39,0,1,0,0,1
o1_v0_test,incident_55,40,1,1,0,0,0
o1_v0_test,incident_55,41,0,1,0,0,1
o1_v0_test,incident_55,42,1,1,0,0,0
o1_v0_test,incident_55,43,0,1,0,0,1
o1_v0_test,incident_55,44,0,1,0,0,1
o1_v0_test,incident_55,45,1,1,0,0,0
o1_v0_test,incident_55,46,1,1,0,0,0
o1_v0_test,incident_55,47,0,1,0,0,1
o1_v0_test,incident_55,48,1,1,0,1,0
o1_v0_test,incident_55,49,1,1,1,0,0
o1_v0_test,incident_55,50,1,1,0,0,0
o1_v0_test,incident_55,51,1,1,1,1,0
o1_v0_test,incident_55,52,0,1,0,1,0
o1_v0_test,incident_55,53,1,1,1,0,0
o1_v0_test,incident_55,54,0,1,0,0,1
o1_v0_test,incident_55,55,1,1,1,1,0
o1_v0_test,incident_55,56,0,1,0,0,1
o1_v0_test,incident_55,57,1,1,1,1,0
o1_v0_test,incident_55,58,1,1,0,1,0
o1_v0_test,incident_55,59,1,1,1,0,0
o1_v0_test,incident_55,60,0,1,0,0,1
o1_v0_test,incident_55,61,1,1,1,1,0
o1_v0_test,incident_55,62,0,1,0,0,1
o1_v0_test,incident_55,63,1,1,0,0,0
o1_v0_test,incident_55,64,1,1,1,0,0
o1_v0_test,incident_55,65,1,1,0,0,0
o1_v0_test,incident_55,66,1,0,0,0,0
o1_v0_test,incident_55,67,1,1,0,0,0
o1_v0_test,incident_55,68,1,1,1,1,0
o1_v0_test,incident_55,69,0,1,0,0,1
o1_v0_test,incident_55,70,0,1,0,0,1
o1_v0_test,incident_55,71,1,1,0,0,0
o1_v0_test,incident_55,72,1,1,0,0,0
o1_v0_test,incident_55,73,1,1,0,0,0
o1_v0_test,incident_55,74,0,1,0,0,1
o1_v0_test,incident_55,75,0,1,0,0,1
o1_v0_test,incident_55,76,1,1,1,0,0
o1_v0_test,incident_55,77,1,1,0,0,0
o1_v0_test,incident_55,78,1,1,0,0,0
o1_v0_test,incident_55,79,0,0,0,0,1
o1_v0_test,incident_55,80,1,1,0,0,0
o1_v0_test,incident_55,81,1,1,0,0,0
o1_v0_test,incident_55,82,0,0,0,0,1
o1_v0_test,incident_55,83,0,1,0,1,0
o1_v0_test,incident_55,84,0,1,0,0,1
o1_v0_test,incident_55,85,1,1,1,0,0
o1_v0_test,incident_55,86,1,1,1,0,0
o1_v0_test,incident_55,87,0,1,0,0,1
o1_v0_test,incident_55,88,0,1,0,0,1
o1_v0_test,incident_55,89,1,1,0,0,0
o1_v0_test,incident_55,90,1,1,0,0,0
o1_v0_test,incident_55,91,0,0,0,0,1
o1_v0_test,incident_55,92,1,1,0,0,0
o1_v0_test,incident_55,93,1,1,0,0,0
o1_v0_test,incident_55,94,0,1,0,0,1
o1_v0_test,incident_55,95,1,1,1,0,0
o1_v0_test,incident_55,96,0,0,0,0,1
o1_v0_test,incident_55,97,1,1,0,0,0
o1_v0_test,incident_55,98,0,1,1,1,0
o1_v0_test,incident_55,99,0,0,0,0,1
o1_v1_test,incident_134,0,1,1,1,1,0
o1_v1_test,incident_134,1,1,1,1,1,0
o1_v1_test,incident_134,2,0,1,1,0,0
o1_v1_test,incident_134,3,1,1,0,0,0
o1_v1_test,incident_134,4,0,1,0,0,1
o1_v1_test,incident_134,5,1,1,0,0,0
o1_v1_test,incident_134,6,1,1,0,0,0
o1_v1_test,incident_134,7,1,1,1,1,0
o1_v1_test,incident_134,8,0,1,1,0,0
o1_v1_test,incident_134,9,1,1,1,0,0
o1_v1_test,incident_134,10,1,1,0,0,0
o1_v1_test,incident_134,11,1,1,0,0,0
o1_v1_test,incident_134,12,1,1,1,0,0
o1_v1_test,incident_134,13,1,1,1,0,0
o1_v1_test,incident_134,14,0,1,1,0,0
o1_v1_test,incident_134,15,1,1,1,1,0
o1_v1_test,incident_134,16,0,1,1,0,0
o1_v1_test,incident_134,17,1,1,1,0,0
o1_v1_test,incident_134,18,1,1,1,1,0
o1_v1_test,incident_134,19,1,1,1,1,0
o1_v1_test,incident_134,20,1,1,0,0,0
o1_v1_test,incident_134,21,1,1,0,0,0
o1_v1_test,incident_134,22,1,1,1,0,0
o1_v1_test,incident_134,23,1,1,0,0,0
o1_v1_test,incident_134,24,0,1,0,0,1
o1_v1_test,incident_134,25,0,1,0,0,1
o1_v1_test,incident_134,26,1,1,0,0,0
o1_v1_test,incident_134,27,1,1,1,1,0
o1_v1_test,incident_134,28,0,1,1,0,0
o1_v1_test,incident_134,29,1,1,1,1,0
o1_v1_test,incident_134,30,1,1,0,0,0
o1_v1_test,incident_134,31,0,1,1,0,0
o1_v1_test,incident_134,32,1,1,1,1,0
o1_v1_test,incident_134,33,1,1,1,1,0
o1_v1_test,incident_134,34,1,1,1,0,0
o1_v1_test,incident_134,35,1,1,0,0,0
o1_v1_test,incident_134,36,1,1,0,0,0
o1_v1_test,incident_134,37,0,1,1,0,0
o1_v1_test,incident_134,38,0,1,1,0,0
o1_v1_test,incident_134,39,1,1,1,0,0
o1_v1_test,incident_134,40,1,1,0,0,0
o1_v1_test,incident_134,41,1,1,1,0,0
o1_v1_test,incident_134,42,1,1,1,0,0
o1_v1_test,incident_134,43,0,1,1,1,0
o1_v1_test,incident_134,44,1,1,0,0,0
o1_v1_test,incident_134,45,1,1,0,0,0
o1_v1_test,incident_134,46,0,1,0,0,1
o1_v1_test,incident_134,47,1,1,1,0,0
o1_v1_test,incident_134,48,1,1,0,0,0
o1_v1_test,incident_134,49,1,1,0,0,0
o1_v1_test,incident_134,50,0,1,1,1,0
o1_v1_test,incident_134,51,1,1,0,0,0
o1_v1_test,incident_134,52,0,1,0,0,1
o1_v1_test,incident_134,53,1,1,1,0,0
o1_v1_test,incident_134,54,1,1,0,0,0
o1_v1_test,incident_134,55,1,1,1,1,0
o1_v1_test,incident_134,56,1,1,1,0,0
o1_v1_test,incident_166,0,0,1,0,0,1
o1_v1_test,incident_166,1,0,1,0,0,1
o1_v1_test,incident_166,2,1,1,1,0,0
o1_v1_test,incident_166,3,1,1,0,0,0
o1_v1_test,incident_166,4,1,1,0,0,0
o1_v1_test,incident_166,5,1,1,0,0,0
o1_v1_test,incident_166,6,0,1,0,0,1
o1_v1_test,incident_166,7,1,1,1,0,0
o1_v1_test,incident_166,8,1,1,1,0,0
o1_v1_test,incident_166,9,0,1,0,0,1
o1_v1_test,incident_166,10,1,1,1,0,0
o1_v1_test,incident_166,11,1,1,0,0,0
o1_v1_test,incident_166,12,0,1,0,0,1
o1_v1_test,incident_166,13,0,1,0,0,1
o1_v1_test,incident_166,14,0,1,0,0,1
o1_v1_test,incident_166,15,0,1,0,0,1
o1_v1_test,incident_166,16,1,1,1,0,0
o1_v1_test,incident_166,17,1,1,0,0,0
o1_v1_test,incident_166,18,0,1,0,0,1
o1_v1_test,incident_166,19,1,1,0,0,0
o1_v1_test,incident_166,20,0,1,0,0,1
o1_v1_test,incident_166,21,1,1,0,0,0
o1_v1_test,incident_166,22,0,1,0,0,1
o1_v1_test,incident_166,23,0,1,0,0,1
o1_v1_test,incident_166,24,0,1,0,0,1
o1_v1_test,incident_166,25,0,1,1,0,0
o1_v1_test,incident_166,26,0,1,1,0,0
o1_v1_test,incident_166,27,1,1,0,0,0
o1_v1_test,incident_166,28,1,1,0,0,0
o1_v1_test,incident_166,29,1,1,1,0,0
o1_v1_test,incident_166,30,1,1,1,0,0
o1_v1_test,incident_166,31,1,1,1,0,0
o1_v1_test,incident_166,32,1,0,0,0,0
o1_v1_test,incident_166,33,0,1,0,0,1
o1_v1_test,incident_166,34,1,1,0,1,0
o1_v1_test,incident_166,35,0,1,0,0,1
o1_v1_test,incident_166,36,0,1,0,0,1
o1_v1_test,incident_166,37,1,1,1,0,0
o1_v1_test,incident_166,38,0,1,1,0,0
o1_v1_test,incident_166,39,1,1,1,0,0
o1_v1_test,incident_166,40,0,1,0,0,1
o1_v1_test,incident_166,41,0,1,0,0,1
o1_v1_test,incident_166,42,1,1,1,0,0
o1_v1_test,incident_166,43,1,1,1,0,0
o1_v1_test,incident_166,44,1,1,1,0,0
o1_v1_test,incident_166,45,1,1,1,0,0
o1_v1_test,incident_166,46,1,1,1,0,0
o1_v1_test,incident_166,47,0,1,0,0,1
o1_v1_test,incident_166,48,0,1,0,1,0
o1_v1_test,incident_166,49,1,1,0,0,0
o1_v1_test,incident_166,50,0,1,0,0,1
o1_v1_test,incident_166,51,1,1,1,0,0
o1_v1_test,incident_166,52,1,1,1,0,0
o1_v1_test,incident_166,53,0,1,0,0,1
o1_v1_test,incident_166,54,1,1,0,0,0
o1_v1_test,incident_166,55,0,1,0,0,1
o1_v1_test,incident_166,56,1,1,0,0,0
o1_v1_test,incident_166,57,1,1,0,0,0
o1_v1_test,incident_166,58,1,1,0,0,0
o1_v1_test,incident_166,59,1,1,1,0,0
o1_v1_test,incident_166,60,1,1,0,0,0
o1_v1_test,incident_166,61,0,1,0,0,1
o1_v1_test,incident_166,62,0,1,0,0,1
o1_v1_test,incident_166,63,0,1,1,0,0
o1_v1_test,incident_166,64,0,1,1,1,0
o1_v1_test,incident_166,65,0,1,0,0,1
o1_v1_test,incident_166,66,1,1,0,0,0
o1_v1_test,incident_166,67,0,1,0,0,1
o1_v1_test,incident_166,68,0,1,0,0,1
o1_v1_test,incident_166,69,1,1,0,0,0
o1_v1_test,incident_166,70,1,1,1,0,0
o1_v1_test,incident_166,71,1,1,1,0,0
o1_v1_test,incident_166,72,1,1,0,1,0
o1_v1_test,incident_166,73,1,1,1,0,0
o1_v1_test,incident_166,74,0,1,0,0,1
o1_v1_test,incident_166,75,1,1,1,0,0
o1_v1_test,incident_166,76,1,1,1,0,0
o1_v1_test,incident_166,77,1,1,0,0,0
o1_v1_test,incident_166,78,1,1,1,0,0
o1_v1_test,incident_166,79,1,1,0,0,0
o1_v1_test,incident_166,80,1,1,1,0,0
o1_v1_test,incident_166,81,1,1,1,0,0
o1_v1_test,incident_166,82,0,1,0,0,1
o1_v1_test,incident_166,83,1,1,1,0,0
o1_v1_test,incident_166,84,0,1,0,0,1
o1_v1_test,incident_166,85,1,1,1,0,0
o1_v1_test,incident_166,86,0,1,0,0,1
o1_v1_test,incident_322,0,1,1,0,0,0
o1_v1_test,incident_322,1,1,1,0,0,0
o1_v1_test,incident_322,2,1,1,0,0,0
o1_v1_test,incident_322,3,0,1,0,0,1
o1_v1_test,incident_322,4,0,0,0,0,1
o1_v1_test,incident_322,5,1,1,1,1,0
o1_v1_test,incident_322,6,1,1,0,0,0
o1_v1_test,incident_322,7,1,1,0,0,0
o1_v1_test,incident_322,8,1,0,0,0,0
o1_v1_test,incident_322,9,1,1,1,1,0
o1_v1_test,incident_322,10,1,1,0,0,0
o1_v1_test,incident_322,11,1,1,0,0,0
o1_v1_test,incident_322,12,1,1,1,1,0
o1_v1_test,incident_322,13,1,1,1,1,0
o1_v1_test,incident_322,14,1,1,1,1,0
o1_v1_test,incident_322,15,1,1,1,1,0
o1_v1_test,incident_322,16,0,1,0,0,1
o1_v1_test,incident_322,17,1,1,0,0,0
o1_v1_test,incident_322,18,1,0,0,0,0
o1_v1_test,incident_322,19,1,1,1,1,0
o1_v1_test,incident_322,20,1,1,0,0,0
o1_v1_test,incident_322,21,1,1,0,0,0
o1_v1_test,incident_322,22,1,1,0,0,0
o1_v1_test,incident_322,23,1,1,0,0,0
o1_v1_test,incident_322,24,1,1,1,1,0
o1_v1_test,incident_322,25,1,1,1,1,0
o1_v1_test,incident_322,26,1,1,0,0,0
o1_v1_test,incident_322,27,1,1,1,1,0
o1_v1_test,incident_322,28,1,1,1,1,0
o1_v1_test,incident_322,29,1,1,0,0,0
o1_v1_test,incident_322,30,1,1,1,1,0
o1_v1_test,incident_322,31,1,1,0,0,0
o1_v1_test,incident_322,32,1,0,0,0,0
o1_v1_test,incident_322,33,0,1,1,1,0
o1_v1_test,incident_322,34,1,1,1,1,0
o1_v1_test,incident_322,35,1,1,1,1,0
o1_v1_test,incident_322,36,1,0,0,0,0
o1_v1_test,incident_322,37,0,1,0,0,1
o1_v1_test,incident_322,38,1,1,0,0,0
o1_v1_test,incident_322,39,1,1,0,0,0
o1_v1_test,incident_322,40,0,1,0,0,1
o1_v1_test,incident_322,41,1,0,0,0,0
o1_v1_test,incident_322,42,1,1,1,1,0
o1_v1_test,incident_322,43,1,1,0,0,0
o1_v1_test,incident_322,44,0,1,0,0,1
o1_v1_test,incident_322,45,1,1,0,0,0
o1_v1_test,incident_322,46,1,1,1,1,0
o1_v1_test,incident_322,47,1,1,1,1,0
o1_v1_test,incident_322,48,1,1,0,0,0
o1_v1_test,incident_322,49,1,1,1,1,0
o1_v1_test,incident_322,50,1,1,0,0,0
o1_v1_test,incident_322,51,1,1,0,0,0
o1_v1_test,incident_322,52,0,1,0,0,1
o1_v1_test,incident_322,53,1,1,1,1,0
o1_v1_test,incident_322,54,0,1,0,0,1
o1_v1_test,incident_322,55,1,1,0,0,0
o1_v1_test,incident_34,0,1,1,0,0,0
o1_v1_test,incident_34,1,1,1,1,1,0
o1_v1_test,incident_34,2,1,1,0,0,0
o1_v1_test,incident_34,3,1,1,0,0,0
o1_v1_test,incident_34,4,1,1,1,1,0
o1_v1_test,incident_34,5,1,1,0,0,0
o1_v1_test,incident_34,6,0,1,1,1,0
o1_v1_test,incident_34,7,1,1,0,0,0
o1_v1_test,incident_34,8,0,1,0,0,1
o1_v1_test,incident_34,9,1,1,1,1,0
o1_v1_test,incident_34,10,0,1,0,0,1
o1_v1_test,incident_34,11,1,1,0,0,0
o1_v1_test,incident_34,12,1,1,1,1,0
o1_v1_test,incident_34,13,1,1,1,1,0
o1_v1_test,incident_34,14,1,1,1,1,0
o1_v1_test,incident_34,15,1,1,0,0,0
o1_v1_test,incident_34,16,0,1,0,0,1
o1_v1_test,incident_34,17,1,0,0,0,0
o1_v1_test,incident_34,18,1,1,1,1,0
o1_v1_test,incident_34,19,1,1,0,0,0
o1_v1_test,incident_34,20,1,1,1,1,0
o1_v1_test,incident_34,21,1,1,1,1,0
o1_v1_test,incident_34,22,1,1,0,0,0
o1_v1_test,incident_34,23,1,1,1,1,0
o1_v1_test,incident_34,24,1,1,0,0,0
o1_v1_test,incident_34,25,1,1,0,0,0
o1_v1_test,incident_34,26,0,0,0,0,1
o1_v1_test,incident_34,27,0,1,0,0,1
o1_v1_test,incident_34,28,0,0,0,0,1
o1_v1_test,incident_34,29,1,1,1,1,0
o1_v1_test,incident_34,30,1,0,0,0,0
o1_v1_test,incident_34,31,0,1,0,0,1
o1_v1_test,incident_34,32,1,0,0,0,0
o1_v1_test,incident_34,33,1,0,0,0,0
o1_v1_test,incident_34,34,1,1,0,0,0
o1_v1_test,incident_34,35,1,1,0,0,0
o1_v1_test,incident_34,36,0,0,0,0,1
o1_v1_test,incident_34,37,0,1,0,0,1
o1_v1_test,incident_34,38,1,1,1,1,0
o1_v1_test,incident_34,39,0,1,1,1,0
o1_v1_test,incident_34,40,0,0,0,0,1
o1_v1_test,incident_34,41,1,1,0,0,0
o1_v1_test,incident_34,42,0,0,0,0,1
o1_v1_test,incident_34,43,1,1,1,1,0
o1_v1_test,incident_34,44,1,1,0,0,0
o1_v1_test,incident_34,45,0,1,0,0,1
o1_v1_test,incident_34,46,1,1,1,1,0
o1_v1_test,incident_34,47,1,1,1,1,0
o1_v1_test,incident_34,48,1,1,0,0,0
o1_v1_test,incident_34,49,0,1,0,0,1
o1_v1_test,incident_34,50,1,1,0,0,0
o1_v1_test,incident_34,51,1,1,0,0,0
o1_v1_test,incident_34,52,0,1,0,0,1
o1_v1_test,incident_34,53,0,1,0,0,1
o1_v1_test,incident_34,54,1,0,0,0,0
o1_v1_test,incident_34,55,1,1,1,1,0
o1_v1_test,incident_34,56,0,1,1,1,0
o1_v1_test,incident_34,57,0,1,0,0,1
o1_v1_test,incident_34,58,1,1,0,0,0
o1_v1_test,incident_34,59,0,1,0,0,1
o1_v1_test,incident_34,60,0,1,0,0,1
o1_v1_test,incident_34,61,0,1,0,0,1
o1_v1_test,incident_34,62,0,1,0,0,1
o1_v1_test,incident_34,63,0,1,0,0,1
o1_v1_test,incident_34,64,1,1,1,1,0
o1_v1_test,incident_34,65,1,1,1,0,0
o1_v1_test,incident_34,66,1,0,0,0,0
o1_v1_test,incident_34,67,1,1,1,1,0
o1_v1_test,incident_34,68,1,1,0,0,0
o1_v1_test,incident_34,69,0,1,0,0,1
o1_v1_test,incident_34,70,1,1,1,1,0
o1_v1_test,incident_34,71,0,0,0,0,1
o1_v1_test,incident_34,72,1,1,0,0,0
o1_v1_test,incident_34,73,1,1,1,1,0
o1_v1_test,incident_34,74,1,0,0,0,0
o1_v1_test,incident_34,75,0,1,0,0,1
o1_v1_test,incident_34,76,0,1,0,1,0
o1_v1_test,incident_34,77,1,1,0,0,0
o1_v1_test,incident_34,78,1,1,1,1,0
o1_v1_test,incident_34,79,0,1,1,1,0
o1_v1_test,incident_34,80,0,1,0,0,1
o1_v1_test,incident_34,81,1,1,0,0,0
o1_v1_test,incident_38,0,0,1,1,0,0
o1_v1_test,incident_38,1,0,1,0,0,1
o1_v1_test,incident_38,2,1,1,1,1,0
o1_v1_test,incident_38,3,1,1,1,1,0
o1_v1_test,incident_38,4,1,1,0,0,0
o1_v1_test,incident_38,5,0,0,0,0,1
o1_v1_test,incident_38,6,1,1,0,0,0
o1_v1_test,incident_38,7,0,1,0,1,0
o1_v1_test,incident_38,8,1,1,0,0,0
o1_v1_test,incident_38,9,0,1,0,0,1
o1_v1_test,incident_38,10,0,1,1,1,0
o1_v1_test,incident_39,0,0,1,0,0,1
o1_v1_test,incident_39,1,1,1,1,1,0
o1_v1_test,incident_39,2,0,1,1,1,0
o1_v1_test,incident_39,3,1,0,0,0,0
o1_v1_test,incident_39,4,0,1,0,0,1
o1_v1_test,incident_39,5,0,1,0,0,1
o1_v1_test,incident_39,6,1,1,0,0,0
o1_v1_test,incident_39,7,1,1,1,1,0
o1_v1_test,incident_39,8,0,1,0,0,1
o1_v1_test,incident_39,9,1,1,0,0,0
o1_v1_test,incident_39,10,0,1,0,0,1
o1_v1_test,incident_39,11,0,0,0,0,1
o1_v1_test,incident_39,12,0,1,0,0,1
o1_v1_test,incident_39,13,0,0,0,0,1
o1_v1_test,incident_39,14,1,1,0,0,0
o1_v1_test,incident_39,15,0,1,0,1,0
o1_v1_test,incident_39,16,0,0,0,0,1
o1_v1_test,incident_39,17,0,1,0,0,1
o1_v1_test,incident_39,18,0,1,0,0,1
o1_v1_test,incident_39,19,0,1,0,1,0
o1_v1_test,incident_39,20,1,1,0,0,0
o1_v1_test,incident_39,21,1,1,0,0,0
o1_v1_test,incident_39,22,0,0,0,0,1
o1_v1_test,incident_39,23,0,1,0,0,1
o1_v1_test,incident_39,24,1,1,0,0,0
o1_v1_test,incident_39,25,0,1,0,0,1
o1_v1_test,incident_39,26,1,1,1,0,0
o1_v1_test,incident_39,27,1,1,0,0,0
o1_v1_test,incident_39,28,1,1,0,0,0
o1_v1_test,incident_39,29,1,1,0,0,0
o1_v1_test,incident_39,30,0,1,0,0,1
o1_v1_test,incident_39,31,1,1,0,0,0
o1_v1_test,incident_39,32,0,1,0,0,1
o1_v1_test,incident_39,33,0,1,0,0,1
o1_v1_test,incident_39,34,0,1,0,0,1
o1_v1_test,incident_39,35,1,0,0,0,0
o1_v1_test,incident_39,36,1,1,1,1,0
o1_v1_test,incident_39,37,1,1,0,0,0
o1_v1_test,incident_39,38,1,1,0,0,0
o1_v1_test,incident_39,39,0,1,1,1,0
o1_v1_test,incident_39,40,0,1,0,0,1
o1_v1_test,incident_39,41,0,1,0,0,1
o1_v1_test,incident_39,42,1,0,0,0,0
o1_v1_test,incident_39,43,1,1,0,0,0
o1_v1_test,incident_39,44,0,1,0,0,1
o1_v1_test,incident_39,45,1,1,1,1,0
o1_v1_test,incident_39,46,0,1,1,0,0
o1_v1_test,incident_39,47,1,1,0,0,0
o1_v1_test,incident_39,48,0,1,1,1,0
o1_v1_test,incident_39,49,1,1,0,0,0
o1_v1_test,incident_39,50,0,1,0,0,1
o1_v1_test,incident_39,51,1,1,0,0,0
o1_v1_test,incident_39,52,0,1,1,1,0
o1_v1_test,incident_39,53,1,1,0,0,0
o1_v1_test,incident_39,54,0,1,0,0,1
o1_v1_test,incident_39,55,0,1,0,1,0
o1_v1_test,incident_39,56,0,0,0,0,1
o1_v1_test,incident_39,57,0,1,0,0,1
o1_v1_test,incident_39,58,1,1,1,1,0
o1_v1_test,incident_39,59,1,1,1,1,0
o1_v1_test,incident_39,60,1,1,0,0,0
o1_v1_test,incident_39,61,1,1,1,1,0
o1_v1_test,incident_39,62,1,1,0,0,0
o1_v1_test,incident_39,63,1,1,0,0,0
o1_v1_test,incident_39,64,0,1,0,0,1
o1_v1_test,incident_39,65,0,1,1,1,0
o1_v1_test,incident_39,66,1,1,0,0,0
o1_v1_test,incident_39,67,1,1,1,1,0
o1_v1_test,incident_39,68,1,1,0,0,0
o1_v1_test,incident_39,69,1,1,1,1,0
o1_v1_test,incident_39,70,0,1,1,0,0
o1_v1_test,incident_39,71,0,0,0,0,1
o1_v1_test,incident_39,72,1,1,1,1,0
o1_v1_test,incident_39,73,0,1,0,0,1
o1_v1_test,incident_39,74,1,1,1,0,0
o1_v1_test,incident_39,75,0,1,0,0,1
o1_v1_test,incident_39,76,1,1,1,1,0
o1_v1_test,incident_39,77,0,1,0,0,1
o1_v1_test,incident_39,78,1,1,0,0,0
o1_v1_test,incident_39,79,1,1,0,0,0
o1_v1_test,incident_39,80,1,1,0,0,0
o1_v1_test,incident_39,81,1,1,1,1,0
o1_v1_test,incident_39,82,1,1,0,0,0
o1_v1_test,incident_39,83,1,1,0,0,0
o1_v1_test,incident_39,84,0,1,0,0,1
o1_v1_test,incident_39,85,1,1,1,1,0
o1_v1_test,incident_39,86,1,1,1,1,0
o1_v1_test,incident_39,87,0,1,0,0,1
o1_v1_test,incident_39,88,1,1,0,0,0
o1_v1_test,incident_39,89,1,1,0,0,0
o1_v1_test,incident_39,90,1,1,0,0,0
o1_v1_test,incident_39,91,1,1,0,0,0
o1_v1_test,incident_39,92,0,1,0,0,1
o1_v1_test,incident_39,93,1,1,0,1,0
o1_v1_test,incident_39,94,0,1,0,0,1
o1_v1_test,incident_39,95,0,1,1,1,0
o1_v1_test,incident_39,96,1,1,0,0,0
o1_v1_test,incident_39,97,1,1,0,1,0
o1_v1_test,incident_5,0,0,1,1,1,0
o1_v1_test,incident_5,1,1,1,0,0,0
o1_v1_test,incident_5,2,0,1,1,1,0
o1_v1_test,incident_5,3,0,1,1,1,0
o1_v1_test,incident_5,4,0,1,0,1,0
o1_v1_test,incident_5,5,0,1,1,1,0
o1_v1_test,incident_5,6,0,0,0,0,1
o1_v1_test,incident_5,7,0,1,0,0,1
o1_v1_test,incident_5,8,0,1,1,1,0
o1_v1_test,incident_5,9,0,1,0,0,1
o1_v1_test,incident_5,10,0,1,0,1,0
o1_v1_test,incident_5,11,1,1,1,1,0
o1_v1_test,incident_5,12,0,1,1,1,0
o1_v1_test,incident_5,13,0,1,1,1,0
o1_v1_test,incident_5,14,0,1,0,0,1
o1_v1_test,incident_5,15,0,0,0,0,1
o1_v1_test,incident_5,16,1,1,0,0,0
o1_v1_test,incident_5,17,0,1,0,1,0
o1_v1_test,incident_5,18,0,1,0,0,1
o1_v1_test,incident_5,19,0,1,0,0,1
o1_v1_test,incident_5,20,1,1,1,0,0
o1_v1_test,incident_5,21,1,1,0,0,0
o1_v1_test,incident_5,22,1,1,1,1,0
o1_v1_test,incident_5,23,0,1,0,1,0
o1_v1_test,incident_5,24,0,1,0,0,1
o1_v1_test,incident_5,25,0,1,0,0,1
o1_v1_test,incident_5,26,0,1,0,0,1
o1_v1_test,incident_5,27,0,1,1,1,0
o1_v1_test,incident_5,28,0,1,0,0,1
o1_v1_test,incident_5,29,0,1,1,1,0
o1_v1_test,incident_5,30,0,1,1,1,0
o1_v1_test,incident_5,31,0,1,0,0,1
o1_v1_test,incident_5,32,1,1,0,1,0
o1_v1_test,incident_5,33,1,1,1,1,0
o1_v1_test,incident_5,34,0,1,0,0,1
o1_v1_test,incident_5,35,1,1,0,0,0
o1_v1_test,incident_5,36,1,1,0,0,0
o1_v1_test,incident_5,37,0,1,0,0,1
o1_v1_test,incident_5,38,1,1,1,1,0
o1_v1_test,incident_5,39,0,1,0,0,1
o1_v1_test,incident_5,40,0,1,0,0,1
o1_v1_test,incident_5,41,0,1,0,0,1
o1_v1_test,incident_5,42,0,1,0,0,1
o1_v1_test,incident_5,43,0,1,0,0,1
o1_v1_test,incident_5,44,1,1,0,0,0
o1_v1_test,incident_5,45,0,1,0,0,1
o1_v1_test,incident_5,46,0,1,1,1,0
o1_v1_test,incident_5,47,0,1,0,0,1
o1_v1_test,incident_5,48,0,1,0,0,1
o1_v1_test,incident_5,49,0,1,1,1,0
o1_v1_test,incident_5,50,0,1,0,0,1
o1_v1_test,incident_5,51,0,1,0,0,1
o1_v1_test,incident_5,52,0,1,0,0,1
o1_v1_test,incident_5,53,1,1,0,0,0
o1_v1_test,incident_5,54,0,1,1,1,0
o1_v1_test,incident_5,55,0,1,0,0,1
o1_v1_test,incident_5,56,1,1,0,0,0
o1_v1_test,incident_5,57,0,1,0,0,1
o1_v1_test,incident_5,58,0,1,0,1,0
o1_v1_test,incident_5,59,1,1,0,0,0
o1_v1_test,incident_5,60,0,1,1,1,0
o1_v1_test,incident_5,61,1,1,0,0,0
o1_v1_test,incident_5,62,1,1,0,0,0
o1_v1_test,incident_5,63,0,1,1,1,0
o1_v1_test,incident_5,64,0,1,0,0,1
o1_v1_test,incident_5,65,0,0,0,0,1
o1_v1_test,incident_5,66,0,1,0,0,1
o1_v1_test,incident_5,67,1,1,1,1,0
o1_v1_test,incident_5,68,0,1,0,1,0
o1_v1_test,incident_5,69,0,1,0,0,1
o1_v1_test,incident_5,70,0,1,0,0,1
o1_v1_test,incident_5,71,0,1,1,1,0
o1_v1_test,incident_5,72,1,1,0,0,0
o1_v1_test,incident_5,73,0,1,0,0,1
o1_v1_test,incident_5,74,1,1,1,1,0
o1_v1_test,incident_5,75,1,1,0,0,0
o1_v1_test,incident_5,76,0,1,0,0,1
o1_v1_test,incident_5,77,0,1,1,1,0
o1_v1_test,incident_5,78,0,1,0,0,1
o1_v1_test,incident_5,79,0,1,0,1,0
o1_v1_test,incident_5,80,1,1,1,1,0
o1_v1_test,incident_5,81,0,1,0,0,1
o1_v1_test,incident_5,82,1,0,0,0,0
o1_v1_test,incident_5,83,1,0,0,0,0
o1_v1_test,incident_5,84,1,1,0,0,0
o1_v1_test,incident_5,85,0,1,1,1,0
o1_v1_test,incident_5,86,0,1,0,0,1
o1_v1_test,incident_5,87,1,1,0,0,0
o1_v1_test,incident_5,88,1,1,0,0,0
o1_v1_test,incident_5,89,1,0,0,0,0
o1_v1_test,incident_5,90,0,1,0,0,1
o1_v1_test,incident_5,91,0,1,1,1,0
o1_v1_test,incident_5,92,1,1,0,0,0
o1_v1_test,incident_5,93,0,1,0,0,1
o1_v1_test,incident_5,94,0,1,0,0,1
o1_v1_test,incident_5,95,0,0,0,0,1
o1_v1_test,incident_5,96,0,1,1,1,0
o1_v1_test,incident_5,97,0,1,1,1,0
o1_v1_test,incident_55,0,1,1,1,1,0
o1_v1_test,incident_55,1,0,1,0,0,1
o1_v1_test,incident_55,2,1,1,0,0,0
o1_v1_test,incident_55,3,0,1,0,0,1
o1_v1_test,incident_55,4,0,1,0,0,1
o1_v1_test,incident_55,5,1,1,0,0,0
o1_v1_test,incident_55,6,1,0,0,0,0
o1_v1_test,incident_55,7,0,1,0,0,1
o1_v1_test,incident_55,8,1,1,0,0,0
o1_v1_test,incident_55,9,0,1,0,0,1
o1_v1_test,incident_55,10,1,1,1,0,0
o1_v1_test,incident_55,11,1,1,1,0,0
o1_v1_test,incident_55,12,1,1,0,0,0
o1_v1_test,incident_55,13,1,1,0,0,0
o1_v1_test,incident_55,14,1,1,0,0,0
o1_v1_test,incident_55,15,1,1,0,0,0
o1_v1_test,incident_55,16,0,1,0,0,1
o1_v1_test,incident_55,17,1,1,0,0,0
o1_v1_test,incident_55,18,1,1,0,0,0
o1_v1_test,incident_55,19,1,1,1,1,0
o1_v1_test,incident_55,20,1,1,0,0,0
o1_v1_test,incident_55,21,0,1,0,0,1
o1_v1_test,incident_55,22,0,1,0,0,1
o1_v1_test,incident_55,23,0,1,0,0,1
o1_v1_test,incident_55,24,0,1,0,0,1
o1_v1_test,incident_55,25,1,1,0,0,0
o1_v1_test,incident_55,26,1,1,1,1,0
o1_v1_test,incident_55,27,0,1,0,0,1
o1_v1_test,incident_55,28,1,1,0,0,0
o1_v1_test,incident_55,29,1,1,0,0,0
o1_v1_test,incident_55,30,1,1,1,0,0
o1_v1_test,incident_55,31,1,1,0,0,0
o1_v1_test,incident_55,32,0,1,0,0,1
o1_v1_test,incident_55,33,0,1,0,0,1
o1_v1_test,incident_55,34,0,1,0,0,1
o1_v1_test,incident_55,35,1,1,0,0,0
o1_v1_test,incident_55,36,1,1,0,0,0
o1_v1_test,incident_55,37,0,1,0,0,1
o1_v1_test,incident_55,38,0,1,0,0,1
o1_v1_test,incident_55,39,0,1,0,0,1
o1_v1_test,incident_55,40,1,1,0,0,0
o1_v1_test,incident_55,41,0,1,0,0,1
o1_v1_test,incident_55,42,1,1,0,0,0
o1_v1_test,incident_55,43,0,1,0,0,1
o1_v1_test,incident_55,44,0,1,0,0,1
o1_v1_test,incident_55,45,1,1,0,0,0
o1_v1_test,incident_55,46,1,1,0,0,0
o1_v1_test,incident_55,47,0,1,0,0,1
o1_v1_test,incident_55,48,1,1,0,1,0
o1_v1_test,incident_55,49,1,1,1,0,0
o1_v1_test,incident_55,50,1,1,0,0,0
o1_v1_test,incident_55,51,1,1,1,1,0
o1_v1_test,incident_55,52,0,1,0,1,0
o1_v1_test,incident_55,53,1,1,1,0,0
o1_v1_test,incident_55,54,0,1,0,0,1
o1_v1_test,incident_55,55,1,1,1,1,0
o1_v1_test,incident_55,56,0,1,0,0,1
o1_v1_test,incident_55,57,1,1,1,1,0
o1_v1_test,incident_55,58,1,1,0,1,0
o1_v1_test,incident_55,59,1,1,1,0,0
o1_v1_test,incident_55,60,0,1,0,0,1
o1_v1_test,incident_55,61,1,1,1,1,0
o1_v1_test,incident_55,62,0,1,0,0,1
o1_v1_test,incident_55,63,1,1,0,0,0
o1_v1_test,incident_55,64,1,1,1,0,0
o1_v1_test,incident_55,65,1,1,0,0,0
o1_v1_test,incident_55,66,1,1,0,0,0
o1_v1_test,incident_55,67,1,1,0,0,0
o1_v1_test,incident_55,68,1,1,1,1,0
o1_v1_test,incident_55,69,0,1,0,0,1
o1_v1_test,incident_55,70,0,1,0,0,1
o1_v1_test,incident_55,71,1,1,0,0,0
o1_v1_test,incident_55,72,1,1,0,0,0
o1_v1_test,incident_55,73,1,1,0,0,0
o1_v1_test,incident_55,74,0,1,0,0,1
o1_v1_test,incident_55,75,0,1,0,0,1
o1_v1_test,incident_55,76,1,1,1,0,0
o1_v1_test,incident_55,77,1,1,0,0,0
o1_v1_test,incident_55,78,1,1,0,0,0
o1_v1_test,incident_55,79,0,0,0,0,1
o1_v1_test,incident_55,80,1,1,0,0,0
o1_v1_test,incident_55,81,1,1,0,0,0
o1_v1_test,incident_55,82,0,1,0,0,1
o1_v1_test,incident_55,83,0,1,0,1,0
o1_v1_test,incident_55,84,0,1,0,0,1
o1_v1_test,incident_55,85,1,1,1,0,0
o1_v1_test,incident_55,86,1,1,1,0,0
o1_v1_test,incident_55,87,0,1,0,0,1
o1_v1_test,incident_55,88,0,1,0,0,1
o1_v1_test,incident_55,89,1,1,0,0,0
o1_v1_test,incident_55,90,1,1,0,0,0
o1_v1_test,incident_55,91,0,1,1,0,0
o1_v1_test,incident_55,92,1,1,0,0,0
o1_v1_test,incident_55,93,1,1,0,0,0
o1_v1_test,incident_55,94,0,1,0,0,1
o1_v1_test,incident_55,95,1,1,1,0,0
o1_v1_test,incident_55,96,0,0,0,0,1
o1_v1_test,incident_55,97,1,1,0,0,0
o1_v1_test,incident_55,98,0,1,1,1,0
o1_v1_test,incident_55,99,0,1,0,0,1
